"filename", "language", "Python", "Markdown", "TypeScript", "JSON", "MS SQL", "TypeScript JSX", "PostCSS", "JSON with Comments", "Shell Script", "JavaScript", "Properties", "Ignore", "Docker", "XML", "YAML", "HTML", "comment", "blank", "total"
"/Users/liuying/Documents/GitHub/amazon_analyst/.claude/settings.local.json", "JSON", 0, 0, 0, 15, 0, 0, 0, 0, 0, 0, 0, 0, 0, 0, 0, 0, 0, 0, 15
"/Users/liuying/Documents/GitHub/amazon_analyst/.dockerignore", "Ignore", 0, 0, 0, 0, 0, 0, 0, 0, 0, 0, 0, 11, 0, 0, 0, 0, 0, 1, 12
"/Users/liuying/Documents/GitHub/amazon_analyst/.env", "Properties", 0, 0, 0, 0, 0, 0, 0, 0, 0, 0, 15, 0, 0, 0, 0, 0, 17, 7, 39
"/Users/liuying/Documents/GitHub/amazon_analyst/.github/ISSUE_TEMPLATE/bug_report.md", "Markdown", 0, 35, 0, 0, 0, 0, 0, 0, 0, 0, 0, 0, 0, 0, 0, 0, 0, 8, 43
"/Users/liuying/Documents/GitHub/amazon_analyst/.github/ISSUE_TEMPLATE/feature_request.md", "Markdown", 0, 42, 0, 0, 0, 0, 0, 0, 0, 0, 0, 0, 0, 0, 0, 0, 0, 9, 51
"/Users/liuying/Documents/GitHub/amazon_analyst/.github/ISSUE_TEMPLATE/question.md", "Markdown", 0, 41, 0, 0, 0, 0, 0, 0, 0, 0, 0, 0, 0, 0, 0, 0, 0, 9, 50
"/Users/liuying/Documents/GitHub/amazon_analyst/CLAUDE.md", "Markdown", 0, 199, 0, 0, 0, 0, 0, 0, 0, 0, 0, 0, 0, 0, 0, 0, 0, 51, 250
"/Users/liuying/Documents/GitHub/amazon_analyst/Dockerfile", "Docker", 0, 0, 0, 0, 0, 0, 0, 0, 0, 0, 0, 0, 25, 0, 0, 0, 6, 14, 45
"/Users/liuying/Documents/GitHub/amazon_analyst/ENVIRONMENT_SETUP.md", "Markdown", 0, 110, 0, 0, 0, 0, 0, 0, 0, 0, 0, 0, 0, 0, 0, 0, 0, 46, 156
"/Users/liuying/Documents/GitHub/amazon_analyst/RELEASE-log-2025-08-08.md", "Markdown", 0, 147, 0, 0, 0, 0, 0, 0, 0, 0, 0, 0, 0, 0, 0, 0, 0, 40, 187
"/Users/liuying/Documents/GitHub/amazon_analyst/manage_postgres.sh", "Shell Script", 0, 0, 0, 0, 0, 0, 0, 0, 92, 0, 0, 0, 0, 0, 0, 0, 5, 15, 112
"/Users/liuying/Documents/GitHub/amazon_analyst/package.json", "JSON", 0, 0, 0, 152, 0, 0, 0, 0, 0, 0, 0, 0, 0, 0, 0, 0, 0, 1, 153
"/Users/liuying/Documents/GitHub/amazon_analyst/public/imgs/badges/phdaily.svg", "XML", 0, 0, 0, 0, 0, 0, 0, 0, 0, 0, 0, 0, 0, 1, 0, 0, 0, 0, 1
"/Users/liuying/Documents/GitHub/amazon_analyst/public/imgs/icons/1.svg", "XML", 0, 0, 0, 0, 0, 0, 0, 0, 0, 0, 0, 0, 0, 2, 0, 0, 0, 0, 2
"/Users/liuying/Documents/GitHub/amazon_analyst/public/imgs/icons/2.svg", "XML", 0, 0, 0, 0, 0, 0, 0, 0, 0, 0, 0, 0, 0, 2, 0, 0, 0, 0, 2
"/Users/liuying/Documents/GitHub/amazon_analyst/public/imgs/icons/3.svg", "XML", 0, 0, 0, 0, 0, 0, 0, 0, 0, 0, 0, 0, 0, 7, 0, 0, 0, 0, 7
"/Users/liuying/Documents/GitHub/amazon_analyst/public/imgs/icons/4.svg", "XML", 0, 0, 0, 0, 0, 0, 0, 0, 0, 0, 0, 0, 0, 7, 0, 0, 1, 6, 14
"/Users/liuying/Documents/GitHub/amazon_analyst/public/imgs/icons/5.svg", "XML", 0, 0, 0, 0, 0, 0, 0, 0, 0, 0, 0, 0, 0, 14, 0, 0, 1, 11, 26
"/Users/liuying/Documents/GitHub/amazon_analyst/public/imgs/icons/6.svg", "XML", 0, 0, 0, 0, 0, 0, 0, 0, 0, 0, 0, 0, 0, 17, 0, 0, 1, 0, 18
"/Users/liuying/Documents/GitHub/amazon_analyst/public/imgs/logos/nextjs.svg", "XML", 0, 0, 0, 0, 0, 0, 0, 0, 0, 0, 0, 0, 0, 7, 0, 0, 1, 1, 9
"/Users/liuying/Documents/GitHub/amazon_analyst/public/imgs/logos/react.svg", "XML", 0, 0, 0, 0, 0, 0, 0, 0, 0, 0, 0, 0, 0, 5, 0, 0, 0, 0, 5
"/Users/liuying/Documents/GitHub/amazon_analyst/public/imgs/logos/shadcn.svg", "XML", 0, 0, 0, 0, 0, 0, 0, 0, 0, 0, 0, 0, 0, 5, 0, 0, 0, 1, 6
"/Users/liuying/Documents/GitHub/amazon_analyst/public/imgs/logos/supabase.svg", "XML", 0, 0, 0, 0, 0, 0, 0, 0, 0, 0, 0, 0, 0, 23, 0, 0, 0, 1, 24
"/Users/liuying/Documents/GitHub/amazon_analyst/public/imgs/logos/tailwindcss.svg", "XML", 0, 0, 0, 0, 0, 0, 0, 0, 0, 0, 0, 0, 0, 8, 0, 0, 0, 0, 8
"/Users/liuying/Documents/GitHub/amazon_analyst/public/imgs/logos/vercel.svg", "XML", 0, 0, 0, 0, 0, 0, 0, 0, 0, 0, 0, 0, 0, 1, 0, 0, 0, 1, 2
"/Users/liuying/Documents/GitHub/amazon_analyst/public/imgs/masks/circle.svg", "XML", 0, 0, 0, 0, 0, 0, 0, 0, 0, 0, 0, 0, 0, 14, 0, 0, 0, 0, 14
"/Users/liuying/Documents/GitHub/amazon_analyst/public/imgs/masks/line.svg", "XML", 0, 0, 0, 0, 0, 0, 0, 0, 0, 0, 0, 0, 0, 419, 0, 0, 0, 0, 419
"/Users/liuying/Documents/GitHub/amazon_analyst/public/sitemap.xml", "XML", 0, 0, 0, 0, 0, 0, 0, 0, 0, 0, 0, 0, 0, 7, 0, 0, 0, 1, 8
"/Users/liuying/Documents/GitHub/amazon_analyst/scripts/release.sh", "Shell Script", 0, 0, 0, 0, 0, 0, 0, 0, 55, 0, 0, 0, 0, 0, 0, 0, 10, 15, 80
"/Users/liuying/Documents/GitHub/amazon_analyst/scripts/test-ai-analysis.js", "JavaScript", 0, 0, 0, 0, 0, 0, 0, 0, 0, 56, 0, 0, 0, 0, 0, 0, 5, 13, 74
"/Users/liuying/Documents/GitHub/amazon_analyst/set_up.md", "Markdown", 0, 154, 0, 0, 0, 0, 0, 0, 0, 0, 0, 0, 0, 0, 0, 0, 0, 65, 219
"/Users/liuying/Documents/GitHub/amazon_analyst/src/aisdk/generate-video/generate-video-result.ts", "TypeScript", 0, 0, 10, 0, 0, 0, 0, 0, 0, 0, 0, 0, 0, 0, 0, 0, 0, 3, 13
"/Users/liuying/Documents/GitHub/amazon_analyst/src/aisdk/generate-video/generate-video.ts", "TypeScript", 0, 0, 90, 0, 0, 0, 0, 0, 0, 0, 0, 0, 0, 0, 0, 0, 0, 17, 107
"/Users/liuying/Documents/GitHub/amazon_analyst/src/aisdk/generate-video/index.ts", "TypeScript", 0, 0, 5, 0, 0, 0, 0, 0, 0, 0, 0, 0, 0, 0, 0, 0, 0, 1, 6
"/Users/liuying/Documents/GitHub/amazon_analyst/src/aisdk/index.ts", "TypeScript", 0, 0, 1, 0, 0, 0, 0, 0, 0, 0, 0, 0, 0, 0, 0, 0, 0, 1, 2
"/Users/liuying/Documents/GitHub/amazon_analyst/src/aisdk/kling/client.ts", "TypeScript", 0, 0, 51, 0, 0, 0, 0, 0, 0, 0, 0, 0, 0, 0, 0, 0, 7, 13, 71
"/Users/liuying/Documents/GitHub/amazon_analyst/src/aisdk/kling/image-generation.ts", "TypeScript", 0, 0, 117, 0, 0, 0, 0, 0, 0, 0, 0, 0, 0, 0, 0, 0, 0, 18, 135
"/Users/liuying/Documents/GitHub/amazon_analyst/src/aisdk/kling/index.ts", "TypeScript", 0, 0, 2, 0, 0, 0, 0, 0, 0, 0, 0, 0, 0, 0, 0, 0, 0, 1, 3
"/Users/liuying/Documents/GitHub/amazon_analyst/src/aisdk/kling/kling-error.ts", "TypeScript", 0, 0, 11, 0, 0, 0, 0, 0, 0, 0, 0, 0, 0, 0, 0, 0, 0, 3, 14
"/Users/liuying/Documents/GitHub/amazon_analyst/src/aisdk/kling/kling-image-model.ts", "TypeScript", 0, 0, 126, 0, 0, 0, 0, 0, 0, 0, 0, 0, 0, 0, 0, 0, 0, 24, 150
"/Users/liuying/Documents/GitHub/amazon_analyst/src/aisdk/kling/kling-image-settings.ts", "TypeScript", 0, 0, 4, 0, 0, 0, 0, 0, 0, 0, 0, 0, 0, 0, 0, 0, 0, 2, 6
"/Users/liuying/Documents/GitHub/amazon_analyst/src/aisdk/kling/kling-provider.ts", "TypeScript", 0, 0, 75, 0, 0, 0, 0, 0, 0, 0, 0, 0, 0, 0, 0, 0, 0, 8, 83
"/Users/liuying/Documents/GitHub/amazon_analyst/src/aisdk/kling/kling-video-model.ts", "TypeScript", 0, 0, 129, 0, 0, 0, 0, 0, 0, 0, 0, 0, 0, 0, 0, 0, 0, 26, 155
"/Users/liuying/Documents/GitHub/amazon_analyst/src/aisdk/kling/kling-video-settings.ts", "TypeScript", 0, 0, 4, 0, 0, 0, 0, 0, 0, 0, 0, 0, 0, 0, 0, 0, 0, 2, 6
"/Users/liuying/Documents/GitHub/amazon_analyst/src/aisdk/kling/text2video.ts", "TypeScript", 0, 0, 94, 0, 0, 0, 0, 0, 0, 0, 0, 0, 0, 0, 0, 0, 0, 14, 108
"/Users/liuying/Documents/GitHub/amazon_analyst/src/aisdk/provider/index.ts", "TypeScript", 0, 0, 1, 0, 0, 0, 0, 0, 0, 0, 0, 0, 0, 0, 0, 0, 0, 1, 2
"/Users/liuying/Documents/GitHub/amazon_analyst/src/aisdk/provider/video-model/index.ts", "TypeScript", 0, 0, 1, 0, 0, 0, 0, 0, 0, 0, 0, 0, 0, 0, 0, 0, 0, 1, 2
"/Users/liuying/Documents/GitHub/amazon_analyst/src/aisdk/provider/video-model/v1/index.ts", "TypeScript", 0, 0, 3, 0, 0, 0, 0, 0, 0, 0, 0, 0, 0, 0, 0, 0, 0, 1, 4
"/Users/liuying/Documents/GitHub/amazon_analyst/src/aisdk/provider/video-model/v1/video-model-v1-call-options.ts", "TypeScript", 0, 0, 8, 0, 0, 0, 0, 0, 0, 0, 0, 0, 0, 0, 0, 0, 0, 2, 10
"/Users/liuying/Documents/GitHub/amazon_analyst/src/aisdk/provider/video-model/v1/video-model-v1-call-warning.ts", "TypeScript", 0, 0, 11, 0, 0, 0, 0, 0, 0, 0, 0, 0, 0, 0, 0, 0, 0, 2, 13
"/Users/liuying/Documents/GitHub/amazon_analyst/src/aisdk/provider/video-model/v1/video-model-v1.ts", "TypeScript", 0, 0, 12, 0, 0, 0, 0, 0, 0, 0, 0, 0, 0, 0, 0, 0, 0, 6, 18
"/Users/liuying/Documents/GitHub/amazon_analyst/src/aisdk/types/video-model.ts", "TypeScript", 0, 0, 3, 0, 0, 0, 0, 0, 0, 0, 0, 0, 0, 0, 0, 0, 0, 3, 6
"/Users/liuying/Documents/GitHub/amazon_analyst/src/app/(legal)/layout.tsx", "TypeScript JSX", 0, 0, 0, 0, 0, 39, 0, 0, 0, 0, 0, 0, 0, 0, 0, 0, 1, 5, 45
"/Users/liuying/Documents/GitHub/amazon_analyst/src/app/[locale]/(admin)/admin/feedbacks/page.tsx", "TypeScript JSX", 0, 0, 0, 0, 0, 58, 0, 0, 0, 0, 0, 0, 0, 0, 0, 0, 0, 6, 64
"/Users/liuying/Documents/GitHub/amazon_analyst/src/app/[locale]/(admin)/admin/orders/page.tsx", "TypeScript JSX", 0, 0, 0, 0, 0, 25, 0, 0, 0, 0, 0, 0, 0, 0, 0, 0, 0, 5, 30
"/Users/liuying/Documents/GitHub/amazon_analyst/src/app/[locale]/(admin)/admin/page.tsx", "TypeScript JSX", 0, 0, 0, 0, 0, 80, 0, 0, 0, 0, 0, 0, 0, 0, 0, 0, 2, 8, 90
"/Users/liuying/Documents/GitHub/amazon_analyst/src/app/[locale]/(admin)/admin/posts/[uuid]/edit/page.tsx", "TypeScript JSX", 0, 0, 0, 0, 0, 181, 0, 0, 0, 0, 0, 0, 0, 0, 0, 0, 0, 13, 194
"/Users/liuying/Documents/GitHub/amazon_analyst/src/app/[locale]/(admin)/admin/posts/add/page.tsx", "TypeScript JSX", 0, 0, 0, 0, 0, 159, 0, 0, 0, 0, 0, 0, 0, 0, 0, 0, 0, 11, 170
"/Users/liuying/Documents/GitHub/amazon_analyst/src/app/[locale]/(admin)/admin/posts/page.tsx", "TypeScript JSX", 0, 0, 0, 0, 0, 72, 0, 0, 0, 0, 0, 0, 0, 0, 0, 0, 0, 5, 77
"/Users/liuying/Documents/GitHub/amazon_analyst/src/app/[locale]/(admin)/admin/users/page.tsx", "TypeScript JSX", 0, 0, 0, 0, 0, 31, 0, 0, 0, 0, 0, 0, 0, 0, 0, 0, 0, 5, 36
"/Users/liuying/Documents/GitHub/amazon_analyst/src/app/[locale]/(admin)/layout.tsx", "TypeScript JSX", 0, 0, 0, 0, 0, 131, 0, 0, 0, 0, 0, 0, 0, 0, 0, 0, 0, 5, 136
"/Users/liuying/Documents/GitHub/amazon_analyst/src/app/[locale]/(default)/(console)/api-keys/create/page.tsx", "TypeScript JSX", 0, 0, 0, 0, 0, 80, 0, 0, 0, 0, 0, 0, 0, 0, 0, 0, 0, 12, 92
"/Users/liuying/Documents/GitHub/amazon_analyst/src/app/[locale]/(default)/(console)/api-keys/page.tsx", "TypeScript JSX", 0, 0, 0, 0, 0, 55, 0, 0, 0, 0, 0, 0, 0, 0, 0, 0, 0, 6, 61
"/Users/liuying/Documents/GitHub/amazon_analyst/src/app/[locale]/(default)/(console)/layout.tsx", "TypeScript JSX", 0, 0, 0, 0, 0, 47, 0, 0, 0, 0, 0, 0, 0, 0, 0, 0, 1, 6, 54
"/Users/liuying/Documents/GitHub/amazon_analyst/src/app/[locale]/(default)/(console)/my-credits/page.tsx", "TypeScript JSX", 0, 0, 0, 0, 0, 59, 0, 0, 0, 0, 0, 0, 0, 0, 0, 0, 0, 8, 67
"/Users/liuying/Documents/GitHub/amazon_analyst/src/app/[locale]/(default)/(console)/my-invites/page.tsx", "TypeScript JSX", 0, 0, 0, 0, 0, 138, 0, 0, 0, 0, 0, 0, 0, 0, 0, 0, 3, 15, 156
"/Users/liuying/Documents/GitHub/amazon_analyst/src/app/[locale]/(default)/(console)/my-orders/page.tsx", "TypeScript JSX", 0, 0, 0, 0, 0, 58, 0, 0, 0, 0, 0, 0, 0, 0, 0, 0, 0, 9, 67
"/Users/liuying/Documents/GitHub/amazon_analyst/src/app/[locale]/(default)/analysis/page.tsx", "TypeScript JSX", 0, 0, 0, 0, 0, 186, 0, 0, 0, 0, 0, 0, 0, 0, 0, 0, 0, 21, 207
"/Users/liuying/Documents/GitHub/amazon_analyst/src/app/[locale]/(default)/i/[code]/page.tsx", "TypeScript JSX", 0, 0, 0, 0, 0, 22, 0, 0, 0, 0, 0, 0, 0, 0, 0, 0, 1, 6, 29
"/Users/liuying/Documents/GitHub/amazon_analyst/src/app/[locale]/(default)/inventory/[location]/page.tsx", "TypeScript JSX", 0, 0, 0, 0, 0, 70, 0, 0, 0, 0, 0, 0, 0, 0, 0, 0, 11, 11, 92
"/Users/liuying/Documents/GitHub/amazon_analyst/src/app/[locale]/(default)/inventory/analysis/[asin]/page.tsx", "TypeScript JSX", 0, 0, 0, 0, 0, 491, 0, 0, 0, 0, 0, 0, 0, 0, 0, 0, 23, 33, 547
"/Users/liuying/Documents/GitHub/amazon_analyst/src/app/[locale]/(default)/inventory/page.tsx", "TypeScript JSX", 0, 0, 0, 0, 0, 43, 0, 0, 0, 0, 0, 0, 0, 0, 0, 0, 8, 8, 59
"/Users/liuying/Documents/GitHub/amazon_analyst/src/app/[locale]/(default)/inventory/upload/page.tsx", "TypeScript JSX", 0, 0, 0, 0, 0, 35, 0, 0, 0, 0, 0, 0, 0, 0, 0, 0, 7, 5, 47
"/Users/liuying/Documents/GitHub/amazon_analyst/src/app/[locale]/(default)/layout.tsx", "TypeScript JSX", 0, 0, 0, 0, 0, 33, 0, 0, 0, 0, 0, 0, 0, 0, 0, 0, 1, 3, 37
"/Users/liuying/Documents/GitHub/amazon_analyst/src/app/[locale]/(default)/page.tsx", "TypeScript JSX", 0, 0, 0, 0, 0, 53, 0, 0, 0, 0, 0, 0, 0, 0, 0, 0, 0, 6, 59
"/Users/liuying/Documents/GitHub/amazon_analyst/src/app/[locale]/(default)/posts/[slug]/page.tsx", "TypeScript JSX", 0, 0, 0, 0, 0, 35, 0, 0, 0, 0, 0, 0, 0, 0, 0, 0, 0, 10, 45
"/Users/liuying/Documents/GitHub/amazon_analyst/src/app/[locale]/(default)/posts/page.tsx", "TypeScript JSX", 0, 0, 0, 0, 0, 39, 0, 0, 0, 0, 0, 0, 0, 0, 0, 0, 0, 9, 48
"/Users/liuying/Documents/GitHub/amazon_analyst/src/app/[locale]/(default)/pricing/page.tsx", "TypeScript JSX", 0, 0, 0, 0, 0, 11, 0, 0, 0, 0, 0, 0, 0, 0, 0, 0, 0, 3, 14
"/Users/liuying/Documents/GitHub/amazon_analyst/src/app/[locale]/(default)/showcase/page.tsx", "TypeScript JSX", 0, 0, 0, 0, 0, 11, 0, 0, 0, 0, 0, 0, 0, 0, 0, 0, 0, 3, 14
"/Users/liuying/Documents/GitHub/amazon_analyst/src/app/[locale]/auth/register/page.tsx", "TypeScript JSX", 0, 0, 0, 0, 0, 27, 0, 0, 0, 0, 0, 0, 0, 0, 0, 0, 0, 2, 29
"/Users/liuying/Documents/GitHub/amazon_analyst/src/app/[locale]/auth/signin/page.tsx", "TypeScript JSX", 0, 0, 0, 0, 0, 27, 0, 0, 0, 0, 0, 0, 0, 0, 0, 0, 0, 3, 30
"/Users/liuying/Documents/GitHub/amazon_analyst/src/app/[locale]/layout.tsx", "TypeScript JSX", 0, 0, 0, 0, 0, 49, 0, 0, 0, 0, 0, 0, 0, 0, 0, 0, 0, 7, 56
"/Users/liuying/Documents/GitHub/amazon_analyst/src/app/[locale]/pay-success/[session_id]/page.tsx", "TypeScript JSX", 0, 0, 0, 0, 0, 18, 0, 0, 0, 0, 0, 0, 0, 0, 0, 0, 0, 5, 23
"/Users/liuying/Documents/GitHub/amazon_analyst/src/app/api/ad-data/asin/[asin]/route.ts", "TypeScript", 0, 0, 206, 0, 0, 0, 0, 0, 0, 0, 0, 0, 0, 0, 0, 0, 29, 33, 268
"/Users/liuying/Documents/GitHub/amazon_analyst/src/app/api/ad-data/compare/route.ts", "TypeScript", 0, 0, 177, 0, 0, 0, 0, 0, 0, 0, 0, 0, 0, 0, 0, 0, 33, 38, 248
"/Users/liuying/Documents/GitHub/amazon_analyst/src/app/api/ad-data/dashboard/route.ts", "TypeScript", 0, 0, 69, 0, 0, 0, 0, 0, 0, 0, 0, 0, 0, 0, 0, 0, 11, 13, 93
"/Users/liuying/Documents/GitHub/amazon_analyst/src/app/api/ad-data/inventory-points/route.ts", "TypeScript", 0, 0, 119, 0, 0, 0, 0, 0, 0, 0, 0, 0, 0, 0, 0, 0, 12, 17, 148
"/Users/liuying/Documents/GitHub/amazon_analyst/src/app/api/ad-data/metrics/route.ts", "TypeScript", 0, 0, 109, 0, 0, 0, 0, 0, 0, 0, 0, 0, 0, 0, 0, 0, 12, 17, 138
"/Users/liuying/Documents/GitHub/amazon_analyst/src/app/api/ad-data/sync/status/route.ts", "TypeScript", 0, 0, 114, 0, 0, 0, 0, 0, 0, 0, 0, 0, 0, 0, 0, 0, 14, 15, 143
"/Users/liuying/Documents/GitHub/amazon_analyst/src/app/api/ad-data/sync/trigger/route.ts", "TypeScript", 0, 0, 103, 0, 0, 0, 0, 0, 0, 0, 0, 0, 0, 0, 0, 0, 29, 20, 152
"/Users/liuying/Documents/GitHub/amazon_analyst/src/app/api/ad-data/trends/route.ts", "TypeScript", 0, 0, 185, 0, 0, 0, 0, 0, 0, 0, 0, 0, 0, 0, 0, 0, 29, 37, 251
"/Users/liuying/Documents/GitHub/amazon_analyst/src/app/api/add-feedback/route.ts", "TypeScript", 0, 0, 24, 0, 0, 0, 0, 0, 0, 0, 0, 0, 0, 0, 0, 0, 0, 7, 31
"/Users/liuying/Documents/GitHub/amazon_analyst/src/app/api/ai-analysis/[id]/route.ts", "TypeScript", 0, 0, 130, 0, 0, 0, 0, 0, 0, 0, 0, 0, 0, 0, 0, 0, 8, 24, 162
"/Users/liuying/Documents/GitHub/amazon_analyst/src/app/api/ai-analysis/agents/helios-agent.ts", "TypeScript", 0, 0, 501, 0, 0, 0, 0, 0, 0, 0, 0, 0, 0, 0, 0, 0, 106, 108, 715
"/Users/liuying/Documents/GitHub/amazon_analyst/src/app/api/ai-analysis/batch/route.ts", "TypeScript", 0, 0, 285, 0, 0, 0, 0, 0, 0, 0, 0, 0, 0, 0, 0, 0, 51, 56, 392
"/Users/liuying/Documents/GitHub/amazon_analyst/src/app/api/ai-analysis/docs/brief.md", "Markdown", 0, 336, 0, 0, 0, 0, 0, 0, 0, 0, 0, 0, 0, 0, 0, 0, 0, 112, 448
"/Users/liuying/Documents/GitHub/amazon_analyst/src/app/api/ai-analysis/engines/rules-engine.ts", "TypeScript", 0, 0, 406, 0, 0, 0, 0, 0, 0, 0, 0, 0, 0, 0, 0, 0, 52, 48, 506
"/Users/liuying/Documents/GitHub/amazon_analyst/src/app/api/ai-analysis/generate/route.ts", "TypeScript", 0, 0, 185, 0, 0, 0, 0, 0, 0, 0, 0, 0, 0, 0, 0, 0, 19, 26, 230
"/Users/liuying/Documents/GitHub/amazon_analyst/src/app/api/ai-analysis/helios_flowchart_visualization.html", "HTML", 0, 0, 0, 0, 0, 0, 0, 0, 0, 0, 0, 0, 0, 0, 0, 1055, 10, 140, 1205
"/Users/liuying/Documents/GitHub/amazon_analyst/src/app/api/ai-analysis/helios_output_example.md", "Markdown", 0, 80, 0, 0, 0, 0, 0, 0, 0, 0, 0, 0, 0, 0, 0, 0, 0, 35, 115
"/Users/liuying/Documents/GitHub/amazon_analyst/src/app/api/ai-analysis/langgraph-workflow-summary.md", "Markdown", 0, 167, 0, 0, 0, 0, 0, 0, 0, 0, 0, 0, 0, 0, 0, 0, 0, 43, 210
"/Users/liuying/Documents/GitHub/amazon_analyst/src/app/api/ai-analysis/route.ts", "TypeScript", 0, 0, 133, 0, 0, 0, 0, 0, 0, 0, 0, 0, 0, 0, 0, 0, 5, 23, 161
"/Users/liuying/Documents/GitHub/amazon_analyst/src/app/api/ai-analysis/services/data-aggregation.ts", "TypeScript", 0, 0, 329, 0, 0, 0, 0, 0, 0, 0, 0, 0, 0, 0, 0, 0, 51, 48, 428
"/Users/liuying/Documents/GitHub/amazon_analyst/src/app/api/ai-analysis/services/data-integration.ts", "TypeScript", 0, 0, 195, 0, 0, 0, 0, 0, 0, 0, 0, 0, 0, 0, 0, 0, 70, 42, 307
"/Users/liuying/Documents/GitHub/amazon_analyst/src/app/api/ai-analysis/stream/route.ts", "TypeScript", 0, 0, 164, 0, 0, 0, 0, 0, 0, 0, 0, 0, 0, 0, 0, 0, 16, 23, 203
"/Users/liuying/Documents/GitHub/amazon_analyst/src/app/api/ai-analysis/test-backend.js", "JavaScript", 0, 0, 0, 0, 0, 0, 0, 0, 0, 528, 0, 0, 0, 0, 0, 0, 50, 102, 680
"/Users/liuying/Documents/GitHub/amazon_analyst/src/app/api/ai-analysis/test-frontend.html", "HTML", 0, 0, 0, 0, 0, 0, 0, 0, 0, 0, 0, 0, 0, 0, 0, 1096, 5, 170, 1271
"/Users/liuying/Documents/GitHub/amazon_analyst/src/app/api/ai-analysis/test-report.json", "JSON", 0, 0, 0, 146, 0, 0, 0, 0, 0, 0, 0, 0, 0, 0, 0, 0, 0, 0, 146
"/Users/liuying/Documents/GitHub/amazon_analyst/src/app/api/analyze-excel/route.ts", "TypeScript", 0, 0, 174, 0, 0, 0, 0, 0, 0, 0, 0, 0, 0, 0, 0, 0, 15, 30, 219
"/Users/liuying/Documents/GitHub/amazon_analyst/src/app/api/auth/[...nextauth]/route.ts", "TypeScript", 0, 0, 2, 0, 0, 0, 0, 0, 0, 0, 0, 0, 0, 0, 0, 0, 0, 2, 4
"/Users/liuying/Documents/GitHub/amazon_analyst/src/app/api/auth/register/route.ts", "TypeScript", 0, 0, 111, 0, 0, 0, 0, 0, 0, 0, 0, 0, 0, 0, 0, 0, 12, 18, 141
"/Users/liuying/Documents/GitHub/amazon_analyst/src/app/api/checkout/route.ts", "TypeScript", 0, 0, 172, 0, 0, 0, 0, 0, 0, 0, 0, 0, 0, 0, 0, 0, 2, 34, 208
"/Users/liuying/Documents/GitHub/amazon_analyst/src/app/api/demo/gen-image/route.ts", "TypeScript", 0, 0, 87, 0, 0, 0, 0, 0, 0, 0, 0, 0, 0, 0, 0, 0, 0, 13, 100
"/Users/liuying/Documents/GitHub/amazon_analyst/src/app/api/demo/gen-stream-text/route.ts", "TypeScript", 0, 0, 76, 0, 0, 0, 0, 0, 0, 0, 0, 0, 0, 0, 0, 0, 0, 9, 85
"/Users/liuying/Documents/GitHub/amazon_analyst/src/app/api/demo/gen-text/route.ts", "TypeScript", 0, 0, 77, 0, 0, 0, 0, 0, 0, 0, 0, 0, 0, 0, 0, 0, 0, 11, 88
"/Users/liuying/Documents/GitHub/amazon_analyst/src/app/api/get-user-credits/route.ts", "TypeScript", 0, 0, 16, 0, 0, 0, 0, 0, 0, 0, 0, 0, 0, 0, 0, 0, 0, 4, 20
"/Users/liuying/Documents/GitHub/amazon_analyst/src/app/api/get-user-info/route.ts", "TypeScript", 0, 0, 26, 0, 0, 0, 0, 0, 0, 0, 0, 0, 0, 0, 0, 0, 0, 7, 33
"/Users/liuying/Documents/GitHub/amazon_analyst/src/app/api/inventory/[location]/route.ts", "TypeScript", 0, 0, 61, 0, 0, 0, 0, 0, 0, 0, 0, 0, 0, 0, 0, 0, 2, 10, 73
"/Users/liuying/Documents/GitHub/amazon_analyst/src/app/api/inventory/options/route.ts", "TypeScript", 0, 0, 43, 0, 0, 0, 0, 0, 0, 0, 0, 0, 0, 0, 0, 0, 1, 6, 50
"/Users/liuying/Documents/GitHub/amazon_analyst/src/app/api/inventory/route.ts", "TypeScript", 0, 0, 122, 0, 0, 0, 0, 0, 0, 0, 0, 0, 0, 0, 0, 0, 6, 12, 140
"/Users/liuying/Documents/GitHub/amazon_analyst/src/app/api/inventory/sales-persons/route.ts", "TypeScript", 0, 0, 27, 0, 0, 0, 0, 0, 0, 0, 0, 0, 0, 0, 0, 0, 1, 5, 33
"/Users/liuying/Documents/GitHub/amazon_analyst/src/app/api/inventory/stats/route.ts", "TypeScript", 0, 0, 55, 0, 0, 0, 0, 0, 0, 0, 0, 0, 0, 0, 0, 0, 3, 9, 67
"/Users/liuying/Documents/GitHub/amazon_analyst/src/app/api/inventory/upload/route.ts", "TypeScript", 0, 0, 157, 0, 0, 0, 0, 0, 0, 0, 0, 0, 0, 0, 0, 0, 20, 31, 208
"/Users/liuying/Documents/GitHub/amazon_analyst/src/app/api/inventory/warehouse-locations/route.ts", "TypeScript", 0, 0, 27, 0, 0, 0, 0, 0, 0, 0, 0, 0, 0, 0, 0, 0, 1, 5, 33
"/Users/liuying/Documents/GitHub/amazon_analyst/src/app/api/ping/route.ts", "TypeScript", 0, 0, 30, 0, 0, 0, 0, 0, 0, 0, 0, 0, 0, 0, 0, 0, 1, 6, 37
"/Users/liuying/Documents/GitHub/amazon_analyst/src/app/api/rpa/config/route.ts", "TypeScript", 0, 0, 68, 0, 0, 0, 0, 0, 0, 0, 0, 0, 0, 0, 0, 0, 7, 9, 84
"/Users/liuying/Documents/GitHub/amazon_analyst/src/app/api/rpa/status/route.ts", "TypeScript", 0, 0, 136, 0, 0, 0, 0, 0, 0, 0, 0, 0, 0, 0, 0, 0, 20, 23, 179
"/Users/liuying/Documents/GitHub/amazon_analyst/src/app/api/rpa/sync/route.ts", "TypeScript", 0, 0, 37, 0, 0, 0, 0, 0, 0, 0, 0, 0, 0, 0, 0, 0, 6, 6, 49
"/Users/liuying/Documents/GitHub/amazon_analyst/src/app/api/stripe-notify/route.ts", "TypeScript", 0, 0, 40, 0, 0, 0, 0, 0, 0, 0, 0, 0, 0, 0, 0, 0, 0, 11, 51
"/Users/liuying/Documents/GitHub/amazon_analyst/src/app/api/test-adapter/route.ts", "TypeScript", 0, 0, 45, 0, 0, 0, 0, 0, 0, 0, 0, 0, 0, 0, 0, 0, 4, 9, 58
"/Users/liuying/Documents/GitHub/amazon_analyst/src/app/api/test-db/route.ts", "TypeScript", 0, 0, 27, 0, 0, 0, 0, 0, 0, 0, 0, 0, 0, 0, 0, 0, 1, 4, 32
"/Users/liuying/Documents/GitHub/amazon_analyst/src/app/api/test-inventory/route.ts", "TypeScript", 0, 0, 50, 0, 0, 0, 0, 0, 0, 0, 0, 0, 0, 0, 0, 0, 4, 9, 63
"/Users/liuying/Documents/GitHub/amazon_analyst/src/app/api/update-invite-code/route.ts", "TypeScript", 0, 0, 42, 0, 0, 0, 0, 0, 0, 0, 0, 0, 0, 0, 0, 0, 0, 12, 54
"/Users/liuying/Documents/GitHub/amazon_analyst/src/app/api/update-invite/route.ts", "TypeScript", 0, 0, 51, 0, 0, 0, 0, 0, 0, 0, 0, 0, 0, 0, 0, 0, 3, 11, 65
"/Users/liuying/Documents/GitHub/amazon_analyst/src/app/globals.css", "PostCSS", 0, 0, 0, 0, 0, 0, 22, 0, 0, 0, 0, 0, 0, 0, 0, 0, 0, 6, 28
"/Users/liuying/Documents/GitHub/amazon_analyst/src/app/layout.tsx", "TypeScript JSX", 0, 0, 0, 0, 0, 38, 0, 0, 0, 0, 0, 0, 0, 0, 0, 0, 0, 7, 45
"/Users/liuying/Documents/GitHub/amazon_analyst/src/app/simple/page.tsx", "TypeScript JSX", 0, 0, 0, 0, 0, 74, 0, 0, 0, 0, 0, 0, 0, 0, 0, 0, 0, 5, 79
"/Users/liuying/Documents/GitHub/amazon_analyst/src/app/test/page.tsx", "TypeScript JSX", 0, 0, 0, 0, 0, 14, 0, 0, 0, 0, 0, 0, 0, 0, 0, 0, 0, 1, 15
"/Users/liuying/Documents/GitHub/amazon_analyst/src/app/theme.css", "PostCSS", 0, 0, 0, 0, 0, 0, 151, 0, 0, 0, 0, 0, 0, 0, 0, 0, 0, 6, 157
"/Users/liuying/Documents/GitHub/amazon_analyst/src/auth/config.ts", "TypeScript", 0, 0, 196, 0, 0, 0, 0, 0, 0, 0, 0, 0, 0, 0, 0, 0, 13, 24, 233
"/Users/liuying/Documents/GitHub/amazon_analyst/src/auth/handler.ts", "TypeScript", 0, 0, 36, 0, 0, 0, 0, 0, 0, 0, 0, 0, 0, 0, 0, 0, 0, 5, 41
"/Users/liuying/Documents/GitHub/amazon_analyst/src/auth/index.ts", "TypeScript", 0, 0, 3, 0, 0, 0, 0, 0, 0, 0, 0, 0, 0, 0, 0, 0, 0, 2, 5
"/Users/liuying/Documents/GitHub/amazon_analyst/src/auth/session.tsx", "TypeScript JSX", 0, 0, 0, 0, 0, 9, 0, 0, 0, 0, 0, 0, 0, 0, 0, 0, 0, 3, 12
"/Users/liuying/Documents/GitHub/amazon_analyst/src/components/ad-data/ad-dashboard.tsx", "TypeScript JSX", 0, 0, 0, 0, 0, 370, 0, 0, 0, 0, 0, 0, 0, 0, 0, 0, 11, 35, 416
"/Users/liuying/Documents/GitHub/amazon_analyst/src/components/ad-data/ad-distribution-chart.tsx", "TypeScript JSX", 0, 0, 0, 0, 0, 330, 0, 0, 0, 0, 0, 0, 0, 0, 0, 0, 13, 26, 369
"/Users/liuying/Documents/GitHub/amazon_analyst/src/components/ad-data/ad-metrics-card.tsx", "TypeScript JSX", 0, 0, 0, 0, 0, 266, 0, 0, 0, 0, 0, 0, 0, 0, 0, 0, 7, 21, 294
"/Users/liuying/Documents/GitHub/amazon_analyst/src/components/ad-data/ad-trends-chart.tsx", "TypeScript JSX", 0, 0, 0, 0, 0, 308, 0, 0, 0, 0, 0, 0, 0, 0, 0, 0, 10, 32, 350
"/Users/liuying/Documents/GitHub/amazon_analyst/src/components/ad-data/inventory-points-table.tsx", "TypeScript JSX", 0, 0, 0, 0, 0, 880, 0, 0, 0, 0, 0, 0, 0, 0, 0, 0, 82, 84, 1046
"/Users/liuying/Documents/GitHub/amazon_analyst/src/components/ai-analysis/analysis-history.tsx", "TypeScript JSX", 0, 0, 0, 0, 0, 299, 0, 0, 0, 0, 0, 0, 0, 0, 0, 0, 11, 24, 334
"/Users/liuying/Documents/GitHub/amazon_analyst/src/components/ai-analysis/analysis-panel.tsx", "TypeScript JSX", 0, 0, 0, 0, 0, 23, 0, 0, 0, 0, 0, 0, 0, 0, 0, 0, 1, 6, 30
"/Users/liuying/Documents/GitHub/amazon_analyst/src/components/ai-analysis/analysis-period-selector.tsx", "TypeScript JSX", 0, 0, 0, 0, 0, 324, 0, 0, 0, 0, 0, 0, 0, 0, 0, 0, 14, 21, 359
"/Users/liuying/Documents/GitHub/amazon_analyst/src/components/ai-analysis/analysis-result.tsx", "TypeScript JSX", 0, 0, 0, 0, 0, 284, 0, 0, 0, 0, 0, 0, 0, 0, 0, 0, 19, 31, 334
"/Users/liuying/Documents/GitHub/amazon_analyst/src/components/ai-analysis/analysis-trigger.tsx", "TypeScript JSX", 0, 0, 0, 0, 0, 375, 0, 0, 0, 0, 0, 0, 0, 0, 0, 0, 31, 51, 457
"/Users/liuying/Documents/GitHub/amazon_analyst/src/components/ai-analysis/index.tsx", "TypeScript JSX", 0, 0, 0, 0, 0, 8, 0, 0, 0, 0, 0, 0, 0, 0, 0, 0, 4, 2, 14
"/Users/liuying/Documents/GitHub/amazon_analyst/src/components/ai-analysis/multi-day-analysis-panel.tsx", "TypeScript JSX", 0, 0, 0, 0, 0, 166, 0, 0, 0, 0, 0, 0, 0, 0, 0, 0, 10, 12, 188
"/Users/liuying/Documents/GitHub/amazon_analyst/src/components/ai-analysis/quick-analysis-buttons.tsx", "TypeScript JSX", 0, 0, 0, 0, 0, 63, 0, 0, 0, 0, 0, 0, 0, 0, 0, 0, 0, 3, 66
"/Users/liuying/Documents/GitHub/amazon_analyst/src/components/ai-analysis/quick-rating.tsx", "TypeScript JSX", 0, 0, 0, 0, 0, 188, 0, 0, 0, 0, 0, 0, 0, 0, 0, 0, 8, 17, 213
"/Users/liuying/Documents/GitHub/amazon_analyst/src/components/ai-analysis/streaming-analysis-display.tsx", "TypeScript JSX", 0, 0, 0, 0, 0, 542, 0, 0, 0, 0, 0, 0, 0, 0, 0, 0, 44, 58, 644
"/Users/liuying/Documents/GitHub/amazon_analyst/src/components/ai-analysis/streaming-rating.tsx", "TypeScript JSX", 0, 0, 0, 0, 0, 214, 0, 0, 0, 0, 0, 0, 0, 0, 0, 0, 15, 22, 251
"/Users/liuying/Documents/GitHub/amazon_analyst/src/components/analytics/google-analytics.tsx", "TypeScript JSX", 0, 0, 0, 0, 0, 12, 0, 0, 0, 0, 0, 0, 0, 0, 0, 0, 0, 5, 17
"/Users/liuying/Documents/GitHub/amazon_analyst/src/components/analytics/index.tsx", "TypeScript JSX", 0, 0, 0, 0, 0, 15, 0, 0, 0, 0, 0, 0, 0, 0, 0, 0, 0, 3, 18
"/Users/liuying/Documents/GitHub/amazon_analyst/src/components/analytics/open-panel.tsx", "TypeScript JSX", 0, 0, 0, 0, 0, 18, 0, 0, 0, 0, 0, 0, 0, 0, 0, 0, 0, 4, 22
"/Users/liuying/Documents/GitHub/amazon_analyst/src/components/analytics/plausible.tsx", "TypeScript JSX", 0, 0, 0, 0, 0, 17, 0, 0, 0, 0, 0, 0, 0, 0, 0, 0, 0, 4, 21
"/Users/liuying/Documents/GitHub/amazon_analyst/src/components/blocks/blog-detail/crumb.tsx", "TypeScript JSX", 0, 0, 0, 0, 0, 37, 0, 0, 0, 0, 0, 0, 0, 0, 0, 0, 0, 4, 41
"/Users/liuying/Documents/GitHub/amazon_analyst/src/components/blocks/blog-detail/index.tsx", "TypeScript JSX", 0, 0, 0, 0, 0, 45, 0, 0, 0, 0, 0, 0, 0, 0, 0, 0, 0, 5, 50
"/Users/liuying/Documents/GitHub/amazon_analyst/src/components/blocks/blog/index.tsx", "TypeScript JSX", 0, 0, 0, 0, 0, 60, 0, 0, 0, 0, 0, 0, 0, 0, 0, 0, 0, 3, 63
"/Users/liuying/Documents/GitHub/amazon_analyst/src/components/blocks/branding/index.tsx", "TypeScript JSX", 0, 0, 0, 0, 0, 31, 0, 0, 0, 0, 0, 0, 0, 0, 0, 0, 0, 3, 34
"/Users/liuying/Documents/GitHub/amazon_analyst/src/components/blocks/crumb/index.tsx", "TypeScript JSX", 0, 0, 0, 0, 0, 27, 0, 0, 0, 0, 0, 0, 0, 0, 0, 0, 0, 3, 30
"/Users/liuying/Documents/GitHub/amazon_analyst/src/components/blocks/cta/index.tsx", "TypeScript JSX", 0, 0, 0, 0, 0, 43, 0, 0, 0, 0, 0, 0, 0, 0, 0, 0, 0, 3, 46
"/Users/liuying/Documents/GitHub/amazon_analyst/src/components/blocks/data-cards/index.tsx", "TypeScript JSX", 0, 0, 0, 0, 0, 38, 0, 0, 0, 0, 0, 0, 0, 0, 0, 0, 0, 3, 41
"/Users/liuying/Documents/GitHub/amazon_analyst/src/components/blocks/data-charts/index.tsx", "TypeScript JSX", 0, 0, 0, 0, 0, 198, 0, 0, 0, 0, 0, 0, 0, 0, 0, 0, 0, 13, 211
"/Users/liuying/Documents/GitHub/amazon_analyst/src/components/blocks/editor/index.tsx", "TypeScript JSX", 0, 0, 0, 0, 0, 44, 0, 0, 0, 0, 0, 0, 0, 0, 0, 0, 0, 5, 49
"/Users/liuying/Documents/GitHub/amazon_analyst/src/components/blocks/editor/menubar.tsx", "TypeScript JSX", 0, 0, 0, 0, 0, 242, 0, 0, 0, 0, 0, 0, 0, 0, 0, 0, 0, 4, 246
"/Users/liuying/Documents/GitHub/amazon_analyst/src/components/blocks/editor/style.css", "PostCSS", 0, 0, 0, 0, 0, 0, 171, 0, 0, 0, 0, 0, 0, 0, 0, 0, 12, 34, 217
"/Users/liuying/Documents/GitHub/amazon_analyst/src/components/blocks/empty/index.tsx", "TypeScript JSX", 0, 0, 0, 0, 0, 7, 0, 0, 0, 0, 0, 0, 0, 0, 0, 0, 0, 1, 8
"/Users/liuying/Documents/GitHub/amazon_analyst/src/components/blocks/faq/index.tsx", "TypeScript JSX", 0, 0, 0, 0, 0, 39, 0, 0, 0, 0, 0, 0, 0, 0, 0, 0, 0, 3, 42
"/Users/liuying/Documents/GitHub/amazon_analyst/src/components/blocks/feature/index.tsx", "TypeScript JSX", 0, 0, 0, 0, 0, 34, 0, 0, 0, 0, 0, 0, 0, 0, 0, 0, 0, 3, 37
"/Users/liuying/Documents/GitHub/amazon_analyst/src/components/blocks/feature1/index.tsx", "TypeScript JSX", 0, 0, 0, 0, 0, 54, 0, 0, 0, 0, 0, 0, 0, 0, 0, 0, 0, 3, 57
"/Users/liuying/Documents/GitHub/amazon_analyst/src/components/blocks/feature2/index.tsx", "TypeScript JSX", 0, 0, 0, 0, 0, 124, 0, 0, 0, 0, 0, 0, 0, 0, 0, 0, 0, 9, 133
"/Users/liuying/Documents/GitHub/amazon_analyst/src/components/blocks/feature3/index.tsx", "TypeScript JSX", 0, 0, 0, 0, 0, 89, 0, 0, 0, 0, 0, 0, 0, 0, 0, 0, 0, 5, 94
"/Users/liuying/Documents/GitHub/amazon_analyst/src/components/blocks/footer/index.tsx", "TypeScript JSX", 0, 0, 0, 0, 0, 98, 0, 0, 0, 0, 0, 0, 0, 0, 0, 0, 0, 4, 102
"/Users/liuying/Documents/GitHub/amazon_analyst/src/components/blocks/form/index.tsx", "TypeScript JSX", 0, 0, 0, 0, 0, 216, 0, 0, 0, 0, 0, 0, 0, 0, 0, 0, 0, 24, 240
"/Users/liuying/Documents/GitHub/amazon_analyst/src/components/blocks/header/index.tsx", "TypeScript JSX", 0, 0, 0, 0, 0, 309, 0, 0, 0, 0, 0, 0, 0, 0, 0, 0, 0, 11, 320
"/Users/liuying/Documents/GitHub/amazon_analyst/src/components/blocks/hero/bg.tsx", "TypeScript JSX", 0, 0, 0, 0, 0, 421, 0, 0, 0, 0, 0, 0, 0, 0, 0, 0, 0, 1, 422
"/Users/liuying/Documents/GitHub/amazon_analyst/src/components/blocks/hero/happy-users.tsx", "TypeScript JSX", 0, 0, 0, 0, 0, 31, 0, 0, 0, 0, 0, 0, 0, 0, 0, 0, 0, 3, 34
"/Users/liuying/Documents/GitHub/amazon_analyst/src/components/blocks/hero/index.tsx", "TypeScript JSX", 0, 0, 0, 0, 0, 92, 0, 0, 0, 0, 0, 0, 0, 0, 0, 0, 0, 6, 98
"/Users/liuying/Documents/GitHub/amazon_analyst/src/components/blocks/mdeditor/index.tsx", "TypeScript JSX", 0, 0, 0, 0, 0, 19, 0, 0, 0, 0, 0, 0, 0, 0, 0, 0, 1, 2, 22
"/Users/liuying/Documents/GitHub/amazon_analyst/src/components/blocks/pricing/index.tsx", "TypeScript JSX", 0, 0, 0, 0, 0, 275, 0, 0, 0, 0, 0, 0, 0, 0, 0, 0, 0, 22, 297
"/Users/liuying/Documents/GitHub/amazon_analyst/src/components/blocks/showcase/index.tsx", "TypeScript JSX", 0, 0, 0, 0, 0, 47, 0, 0, 0, 0, 0, 0, 0, 0, 0, 0, 0, 5, 52
"/Users/liuying/Documents/GitHub/amazon_analyst/src/components/blocks/showcase1/index.tsx", "TypeScript JSX", 0, 0, 0, 0, 0, 121, 0, 0, 0, 0, 0, 0, 0, 0, 0, 0, 0, 7, 128
"/Users/liuying/Documents/GitHub/amazon_analyst/src/components/blocks/stats/index.tsx", "TypeScript JSX", 0, 0, 0, 0, 0, 45, 0, 0, 0, 0, 0, 0, 0, 0, 0, 0, 0, 4, 49
"/Users/liuying/Documents/GitHub/amazon_analyst/src/components/blocks/table/copy.tsx", "TypeScript JSX", 0, 0, 0, 0, 0, 17, 0, 0, 0, 0, 0, 0, 0, 0, 0, 0, 0, 3, 20
"/Users/liuying/Documents/GitHub/amazon_analyst/src/components/blocks/table/dropdown.tsx", "TypeScript JSX", 0, 0, 0, 0, 0, 50, 0, 0, 0, 0, 0, 0, 0, 0, 0, 0, 0, 4, 54
"/Users/liuying/Documents/GitHub/amazon_analyst/src/components/blocks/table/image.tsx", "TypeScript JSX", 0, 0, 0, 0, 0, 17, 0, 0, 0, 0, 0, 0, 0, 0, 0, 0, 0, 1, 18
"/Users/liuying/Documents/GitHub/amazon_analyst/src/components/blocks/table/index.tsx", "TypeScript JSX", 0, 0, 0, 0, 0, 98, 0, 0, 0, 0, 0, 0, 0, 0, 0, 0, 0, 8, 106
"/Users/liuying/Documents/GitHub/amazon_analyst/src/components/blocks/table/label.tsx", "TypeScript JSX", 0, 0, 0, 0, 0, 16, 0, 0, 0, 0, 0, 0, 0, 0, 0, 0, 0, 2, 18
"/Users/liuying/Documents/GitHub/amazon_analyst/src/components/blocks/table/time.tsx", "TypeScript JSX", 0, 0, 0, 0, 0, 18, 0, 0, 0, 0, 0, 0, 0, 0, 0, 0, 0, 2, 20
"/Users/liuying/Documents/GitHub/amazon_analyst/src/components/blocks/testimonial/index.tsx", "TypeScript JSX", 0, 0, 0, 0, 0, 92, 0, 0, 0, 0, 0, 0, 0, 0, 0, 0, 0, 6, 98
"/Users/liuying/Documents/GitHub/amazon_analyst/src/components/blocks/toolbar/index.tsx", "TypeScript JSX", 0, 0, 0, 0, 0, 27, 0, 0, 0, 0, 0, 0, 0, 0, 0, 0, 0, 2, 29
"/Users/liuying/Documents/GitHub/amazon_analyst/src/components/console/layout.tsx", "TypeScript JSX", 0, 0, 0, 0, 0, 25, 0, 0, 0, 0, 0, 0, 0, 0, 0, 0, 0, 2, 27
"/Users/liuying/Documents/GitHub/amazon_analyst/src/components/console/sidebar/nav.tsx", "TypeScript JSX", 0, 0, 0, 0, 0, 44, 0, 0, 0, 0, 0, 0, 0, 0, 0, 0, 0, 4, 48
"/Users/liuying/Documents/GitHub/amazon_analyst/src/components/console/slots/form/index.tsx", "TypeScript JSX", 0, 0, 0, 0, 0, 24, 0, 0, 0, 0, 0, 0, 0, 0, 0, 0, 0, 2, 26
"/Users/liuying/Documents/GitHub/amazon_analyst/src/components/console/slots/table/index.tsx", "TypeScript JSX", 0, 0, 0, 0, 0, 22, 0, 0, 0, 0, 0, 0, 0, 0, 0, 0, 0, 2, 24
"/Users/liuying/Documents/GitHub/amazon_analyst/src/components/dashboard/header/index.tsx", "TypeScript JSX", 0, 0, 0, 0, 0, 53, 0, 0, 0, 0, 0, 0, 0, 0, 0, 0, 0, 4, 57
"/Users/liuying/Documents/GitHub/amazon_analyst/src/components/dashboard/layout.tsx", "TypeScript JSX", 0, 0, 0, 0, 0, 25, 0, 0, 0, 0, 0, 0, 0, 0, 0, 0, 0, 3, 28
"/Users/liuying/Documents/GitHub/amazon_analyst/src/components/dashboard/sidebar/bottom_nav.tsx", "TypeScript JSX", 0, 0, 0, 0, 0, 37, 0, 0, 0, 0, 0, 0, 0, 0, 0, 0, 0, 4, 41
"/Users/liuying/Documents/GitHub/amazon_analyst/src/components/dashboard/sidebar/footer.tsx", "TypeScript JSX", 0, 0, 0, 0, 0, 30, 0, 0, 0, 0, 0, 0, 0, 0, 0, 0, 0, 6, 36
"/Users/liuying/Documents/GitHub/amazon_analyst/src/components/dashboard/sidebar/index.tsx", "TypeScript JSX", 0, 0, 0, 0, 0, 84, 0, 0, 0, 0, 0, 0, 0, 0, 0, 0, 0, 4, 88
"/Users/liuying/Documents/GitHub/amazon_analyst/src/components/dashboard/sidebar/library.tsx", "TypeScript JSX", 0, 0, 0, 0, 0, 68, 0, 0, 0, 0, 0, 0, 0, 0, 0, 0, 28, 6, 102
"/Users/liuying/Documents/GitHub/amazon_analyst/src/components/dashboard/sidebar/nav.tsx", "TypeScript JSX", 0, 0, 0, 0, 0, 51, 0, 0, 0, 0, 0, 0, 0, 0, 0, 0, 0, 4, 55
"/Users/liuying/Documents/GitHub/amazon_analyst/src/components/dashboard/sidebar/user.tsx", "TypeScript JSX", 0, 0, 0, 0, 0, 136, 0, 0, 0, 0, 0, 0, 0, 0, 0, 0, 9, 6, 151
"/Users/liuying/Documents/GitHub/amazon_analyst/src/components/dashboard/slots/form/index.tsx", "TypeScript JSX", 0, 0, 0, 0, 0, 23, 0, 0, 0, 0, 0, 0, 0, 0, 0, 0, 0, 2, 25
"/Users/liuying/Documents/GitHub/amazon_analyst/src/components/dashboard/slots/table/index.tsx", "TypeScript JSX", 0, 0, 0, 0, 0, 29, 0, 0, 0, 0, 0, 0, 0, 0, 0, 0, 0, 2, 31
"/Users/liuying/Documents/GitHub/amazon_analyst/src/components/excel/analysis-results.tsx", "TypeScript JSX", 0, 0, 0, 0, 0, 261, 0, 0, 0, 0, 0, 0, 0, 0, 0, 0, 4, 14, 279
"/Users/liuying/Documents/GitHub/amazon_analyst/src/components/excel/data-visualization.tsx", "TypeScript JSX", 0, 0, 0, 0, 0, 209, 0, 0, 0, 0, 0, 0, 0, 0, 0, 0, 7, 17, 233
"/Users/liuying/Documents/GitHub/amazon_analyst/src/components/excel/excel-upload.tsx", "TypeScript JSX", 0, 0, 0, 0, 0, 201, 0, 0, 0, 0, 0, 0, 0, 0, 0, 0, 8, 32, 241
"/Users/liuying/Documents/GitHub/amazon_analyst/src/components/feedback/index.tsx", "TypeScript JSX", 0, 0, 0, 0, 0, 154, 0, 0, 0, 0, 0, 0, 0, 0, 0, 0, 0, 19, 173
"/Users/liuying/Documents/GitHub/amazon_analyst/src/components/icon/index.tsx", "TypeScript JSX", 0, 0, 0, 0, 0, 34, 0, 0, 0, 0, 0, 0, 0, 0, 0, 0, 65, 13, 112
"/Users/liuying/Documents/GitHub/amazon_analyst/src/components/inventory/inventory-dashboard-full.tsx", "TypeScript JSX", 0, 0, 0, 0, 0, 155, 0, 0, 0, 0, 0, 0, 0, 0, 0, 0, 16, 23, 194
"/Users/liuying/Documents/GitHub/amazon_analyst/src/components/inventory/inventory-dashboard.tsx", "TypeScript JSX", 0, 0, 0, 0, 0, 222, 0, 0, 0, 0, 0, 0, 0, 0, 0, 0, 7, 20, 249
"/Users/liuying/Documents/GitHub/amazon_analyst/src/components/inventory/inventory-data-table.tsx", "TypeScript JSX", 0, 0, 0, 0, 0, 364, 0, 0, 0, 0, 0, 0, 0, 0, 0, 0, 15, 33, 412
"/Users/liuying/Documents/GitHub/amazon_analyst/src/components/inventory/inventory-filter-panel.tsx", "TypeScript JSX", 0, 0, 0, 0, 0, 255, 0, 0, 0, 0, 0, 0, 0, 0, 0, 0, 19, 27, 301
"/Users/liuying/Documents/GitHub/amazon_analyst/src/components/inventory/inventory-location-detail.tsx", "TypeScript JSX", 0, 0, 0, 0, 0, 263, 0, 0, 0, 0, 0, 0, 0, 0, 0, 0, 29, 39, 331
"/Users/liuying/Documents/GitHub/amazon_analyst/src/components/inventory/inventory-stats-cards.tsx", "TypeScript JSX", 0, 0, 0, 0, 0, 140, 0, 0, 0, 0, 0, 0, 0, 0, 0, 0, 6, 13, 159
"/Users/liuying/Documents/GitHub/amazon_analyst/src/components/inventory/inventory-table.tsx", "TypeScript JSX", 0, 0, 0, 0, 0, 398, 0, 0, 0, 0, 0, 0, 0, 0, 0, 0, 12, 20, 430
"/Users/liuying/Documents/GitHub/amazon_analyst/src/components/inventory/inventory-upload.tsx", "TypeScript JSX", 0, 0, 0, 0, 0, 305, 0, 0, 0, 0, 0, 0, 0, 0, 0, 0, 19, 27, 351
"/Users/liuying/Documents/GitHub/amazon_analyst/src/components/invite/index.tsx", "TypeScript JSX", 0, 0, 0, 0, 0, 126, 0, 0, 0, 0, 0, 0, 0, 0, 0, 0, 4, 14, 144
"/Users/liuying/Documents/GitHub/amazon_analyst/src/components/invite/modal.tsx", "TypeScript JSX", 0, 0, 0, 0, 0, 63, 0, 0, 0, 0, 0, 0, 0, 0, 0, 0, 0, 5, 68
"/Users/liuying/Documents/GitHub/amazon_analyst/src/components/locale/toggle.tsx", "TypeScript JSX", 0, 0, 0, 0, 0, 45, 0, 0, 0, 0, 0, 0, 0, 0, 0, 0, 0, 6, 51
"/Users/liuying/Documents/GitHub/amazon_analyst/src/components/markdown/index.tsx", "TypeScript JSX", 0, 0, 0, 0, 0, 17, 0, 0, 0, 0, 0, 0, 0, 0, 0, 0, 0, 2, 19
"/Users/liuying/Documents/GitHub/amazon_analyst/src/components/markdown/markdown.css", "PostCSS", 0, 0, 0, 0, 0, 0, 14, 0, 0, 0, 0, 0, 0, 0, 0, 0, 0, 2, 16
"/Users/liuying/Documents/GitHub/amazon_analyst/src/components/sign/form.tsx", "TypeScript JSX", 0, 0, 0, 0, 0, 155, 0, 0, 0, 0, 0, 0, 0, 0, 0, 0, 0, 9, 164
"/Users/liuying/Documents/GitHub/amazon_analyst/src/components/sign/modal.tsx", "TypeScript JSX", 0, 0, 0, 0, 0, 97, 0, 0, 0, 0, 0, 0, 0, 0, 0, 0, 12, 12, 121
"/Users/liuying/Documents/GitHub/amazon_analyst/src/components/sign/register-form.tsx", "TypeScript JSX", 0, 0, 0, 0, 0, 213, 0, 0, 0, 0, 0, 0, 0, 0, 0, 0, 2, 13, 228
"/Users/liuying/Documents/GitHub/amazon_analyst/src/components/sign/sign_in.tsx", "TypeScript JSX", 0, 0, 0, 0, 0, 17, 0, 0, 0, 0, 0, 0, 0, 0, 0, 0, 0, 4, 21
"/Users/liuying/Documents/GitHub/amazon_analyst/src/components/sign/toggle.tsx", "TypeScript JSX", 0, 0, 0, 0, 0, 14, 0, 0, 0, 0, 0, 0, 0, 0, 0, 0, 0, 4, 18
"/Users/liuying/Documents/GitHub/amazon_analyst/src/components/sign/user.tsx", "TypeScript JSX", 0, 0, 0, 0, 0, 64, 0, 0, 0, 0, 0, 0, 0, 0, 0, 0, 0, 7, 71
"/Users/liuying/Documents/GitHub/amazon_analyst/src/components/theme/toggle.tsx", "TypeScript JSX", 0, 0, 0, 0, 0, 34, 0, 0, 0, 0, 0, 0, 0, 0, 0, 0, 0, 7, 41
"/Users/liuying/Documents/GitHub/amazon_analyst/src/components/ui/accordion.tsx", "TypeScript JSX", 0, 0, 0, 0, 0, 50, 0, 0, 0, 0, 0, 0, 0, 0, 0, 0, 0, 9, 59
"/Users/liuying/Documents/GitHub/amazon_analyst/src/components/ui/alert.tsx", "TypeScript JSX", 0, 0, 0, 0, 0, 53, 0, 0, 0, 0, 0, 0, 0, 0, 0, 0, 0, 7, 60
"/Users/liuying/Documents/GitHub/amazon_analyst/src/components/ui/avatar.tsx", "TypeScript JSX", 0, 0, 0, 0, 0, 47, 0, 0, 0, 0, 0, 0, 0, 0, 0, 0, 0, 7, 54
"/Users/liuying/Documents/GitHub/amazon_analyst/src/components/ui/badge.tsx", "TypeScript JSX", 0, 0, 0, 0, 0, 41, 0, 0, 0, 0, 0, 0, 0, 0, 0, 0, 0, 6, 47
"/Users/liuying/Documents/GitHub/amazon_analyst/src/components/ui/breadcrumb.tsx", "TypeScript JSX", 0, 0, 0, 0, 0, 99, 0, 0, 0, 0, 0, 0, 0, 0, 0, 0, 0, 11, 110
"/Users/liuying/Documents/GitHub/amazon_analyst/src/components/ui/button.tsx", "TypeScript JSX", 0, 0, 0, 0, 0, 54, 0, 0, 0, 0, 0, 0, 0, 0, 0, 0, 0, 6, 60
"/Users/liuying/Documents/GitHub/amazon_analyst/src/components/ui/card.tsx", "TypeScript JSX", 0, 0, 0, 0, 0, 83, 0, 0, 0, 0, 0, 0, 0, 0, 0, 0, 0, 10, 93
"/Users/liuying/Documents/GitHub/amazon_analyst/src/components/ui/carousel.tsx", "TypeScript JSX", 0, 0, 0, 0, 0, 232, 0, 0, 0, 0, 0, 0, 0, 0, 0, 0, 0, 31, 263
"/Users/liuying/Documents/GitHub/amazon_analyst/src/components/ui/chart.tsx", "TypeScript JSX", 0, 0, 0, 0, 0, 315, 0, 0, 0, 0, 0, 0, 0, 0, 0, 0, 2, 37, 354
"/Users/liuying/Documents/GitHub/amazon_analyst/src/components/ui/checkbox.tsx", "TypeScript JSX", 0, 0, 0, 0, 0, 28, 0, 0, 0, 0, 0, 0, 0, 0, 0, 0, 0, 5, 33
"/Users/liuying/Documents/GitHub/amazon_analyst/src/components/ui/collapsible.tsx", "TypeScript JSX", 0, 0, 0, 0, 0, 6, 0, 0, 0, 0, 0, 0, 0, 0, 0, 0, 0, 6, 12
"/Users/liuying/Documents/GitHub/amazon_analyst/src/components/ui/dialog.tsx", "TypeScript JSX", 0, 0, 0, 0, 0, 109, 0, 0, 0, 0, 0, 0, 0, 0, 0, 0, 0, 14, 123
"/Users/liuying/Documents/GitHub/amazon_analyst/src/components/ui/drawer.tsx", "TypeScript JSX", 0, 0, 0, 0, 0, 119, 0, 0, 0, 0, 0, 0, 0, 0, 0, 0, 0, 14, 133
"/Users/liuying/Documents/GitHub/amazon_analyst/src/components/ui/dropdown-menu.tsx", "TypeScript JSX", 0, 0, 0, 0, 0, 239, 0, 0, 0, 0, 0, 0, 0, 0, 0, 0, 0, 19, 258
"/Users/liuying/Documents/GitHub/amazon_analyst/src/components/ui/form.tsx", "TypeScript JSX", 0, 0, 0, 0, 0, 153, 0, 0, 0, 0, 0, 0, 0, 0, 0, 0, 0, 26, 179
"/Users/liuying/Documents/GitHub/amazon_analyst/src/components/ui/icon.tsx", "TypeScript JSX", 0, 0, 0, 0, 0, 15, 0, 0, 0, 0, 0, 0, 0, 0, 0, 0, 0, 3, 18
"/Users/liuying/Documents/GitHub/amazon_analyst/src/components/ui/input.tsx", "TypeScript JSX", 0, 0, 0, 0, 0, 18, 0, 0, 0, 0, 0, 0, 0, 0, 0, 0, 0, 4, 22
"/Users/liuying/Documents/GitHub/amazon_analyst/src/components/ui/label.tsx", "TypeScript JSX", 0, 0, 0, 0, 0, 20, 0, 0, 0, 0, 0, 0, 0, 0, 0, 0, 0, 5, 25
"/Users/liuying/Documents/GitHub/amazon_analyst/src/components/ui/loading-spinner.tsx", "TypeScript JSX", 0, 0, 0, 0, 0, 156, 0, 0, 0, 0, 0, 0, 0, 0, 0, 0, 7, 14, 177
"/Users/liuying/Documents/GitHub/amazon_analyst/src/components/ui/navigation-menu.tsx", "TypeScript JSX", 0, 0, 0, 0, 0, 117, 0, 0, 0, 0, 0, 0, 0, 0, 0, 0, 0, 12, 129
"/Users/liuying/Documents/GitHub/amazon_analyst/src/components/ui/progress.tsx", "TypeScript JSX", 0, 0, 0, 0, 0, 24, 0, 0, 0, 0, 0, 0, 0, 0, 0, 0, 0, 4, 28
"/Users/liuying/Documents/GitHub/amazon_analyst/src/components/ui/radio-group.tsx", "TypeScript JSX", 0, 0, 0, 0, 0, 39, 0, 0, 0, 0, 0, 0, 0, 0, 0, 0, 0, 6, 45
"/Users/liuying/Documents/GitHub/amazon_analyst/src/components/ui/scroll-area.tsx", "TypeScript JSX", 0, 0, 0, 0, 0, 43, 0, 0, 0, 0, 0, 0, 0, 0, 0, 0, 0, 5, 48
"/Users/liuying/Documents/GitHub/amazon_analyst/src/components/ui/select.tsx", "TypeScript JSX", 0, 0, 0, 0, 0, 172, 0, 0, 0, 0, 0, 0, 0, 0, 0, 0, 0, 14, 186
"/Users/liuying/Documents/GitHub/amazon_analyst/src/components/ui/separator.tsx", "TypeScript JSX", 0, 0, 0, 0, 0, 24, 0, 0, 0, 0, 0, 0, 0, 0, 0, 0, 0, 5, 29
"/Users/liuying/Documents/GitHub/amazon_analyst/src/components/ui/sheet.tsx", "TypeScript JSX", 0, 0, 0, 0, 0, 126, 0, 0, 0, 0, 0, 0, 0, 0, 0, 0, 0, 14, 140
"/Users/liuying/Documents/GitHub/amazon_analyst/src/components/ui/sidebar.tsx", "TypeScript JSX", 0, 0, 0, 0, 0, 660, 0, 0, 0, 0, 0, 0, 0, 0, 0, 0, 12, 55, 727
"/Users/liuying/Documents/GitHub/amazon_analyst/src/components/ui/skeleton.tsx", "TypeScript JSX", 0, 0, 0, 0, 0, 11, 0, 0, 0, 0, 0, 0, 0, 0, 0, 0, 0, 3, 14
"/Users/liuying/Documents/GitHub/amazon_analyst/src/components/ui/sonner.tsx", "TypeScript JSX", 0, 0, 0, 0, 0, 21, 0, 0, 0, 0, 0, 0, 0, 0, 0, 0, 0, 5, 26
"/Users/liuying/Documents/GitHub/amazon_analyst/src/components/ui/switch.tsx", "TypeScript JSX", 0, 0, 0, 0, 0, 25, 0, 0, 0, 0, 0, 0, 0, 0, 0, 0, 0, 5, 30
"/Users/liuying/Documents/GitHub/amazon_analyst/src/components/ui/table.tsx", "TypeScript JSX", 0, 0, 0, 0, 0, 105, 0, 0, 0, 0, 0, 0, 0, 0, 0, 0, 0, 12, 117
"/Users/liuying/Documents/GitHub/amazon_analyst/src/components/ui/tabs.tsx", "TypeScript JSX", 0, 0, 0, 0, 0, 59, 0, 0, 0, 0, 0, 0, 0, 0, 0, 0, 0, 8, 67
"/Users/liuying/Documents/GitHub/amazon_analyst/src/components/ui/textarea.tsx", "TypeScript JSX", 0, 0, 0, 0, 0, 19, 0, 0, 0, 0, 0, 0, 0, 0, 0, 0, 0, 4, 23
"/Users/liuying/Documents/GitHub/amazon_analyst/src/components/ui/toggle-group.tsx", "TypeScript JSX", 0, 0, 0, 0, 0, 66, 0, 0, 0, 0, 0, 0, 0, 0, 0, 0, 0, 8, 74
"/Users/liuying/Documents/GitHub/amazon_analyst/src/components/ui/toggle.tsx", "TypeScript JSX", 0, 0, 0, 0, 0, 42, 0, 0, 0, 0, 0, 0, 0, 0, 0, 0, 0, 6, 48
"/Users/liuying/Documents/GitHub/amazon_analyst/src/components/ui/tooltip.tsx", "TypeScript JSX", 0, 0, 0, 0, 0, 54, 0, 0, 0, 0, 0, 0, 0, 0, 0, 0, 0, 8, 62
"/Users/liuying/Documents/GitHub/amazon_analyst/src/contexts/app.tsx", "TypeScript JSX", 0, 0, 0, 0, 0, 125, 0, 0, 0, 0, 0, 0, 0, 0, 0, 0, 5, 24, 154
"/Users/liuying/Documents/GitHub/amazon_analyst/src/db/config.ts", "TypeScript", 0, 0, 14, 0, 0, 0, 0, 0, 0, 0, 0, 0, 0, 0, 0, 0, 0, 3, 17
"/Users/liuying/Documents/GitHub/amazon_analyst/src/db/index.ts", "TypeScript", 0, 0, 87, 0, 0, 0, 0, 0, 0, 0, 0, 0, 0, 0, 0, 0, 8, 9, 104
"/Users/liuying/Documents/GitHub/amazon_analyst/src/db/migrations/0000_wealthy_squirrel_girl.sql", "MS SQL", 0, 0, 0, 0, 102, 0, 0, 0, 0, 0, 0, 0, 0, 0, 0, 0, 7, 0, 109
"/Users/liuying/Documents/GitHub/amazon_analyst/src/db/migrations/0001_needy_hobgoblin.sql", "MS SQL", 0, 0, 0, 0, 30, 0, 0, 0, 0, 0, 0, 0, 0, 0, 0, 0, 1, 0, 31
"/Users/liuying/Documents/GitHub/amazon_analyst/src/db/migrations/0002_dapper_thanos.sql", "MS SQL", 0, 0, 0, 0, 24, 0, 0, 0, 0, 0, 0, 0, 0, 0, 0, 0, 1, 0, 25
"/Users/liuying/Documents/GitHub/amazon_analyst/src/db/migrations/0003_curious_black_tom.sql", "MS SQL", 0, 0, 0, 0, 4, 0, 0, 0, 0, 0, 0, 0, 0, 0, 0, 0, 0, 0, 4
"/Users/liuying/Documents/GitHub/amazon_analyst/src/db/migrations/meta/0000_snapshot.json", "JSON", 0, 0, 0, 751, 0, 0, 0, 0, 0, 0, 0, 0, 0, 0, 0, 0, 0, 0, 751
"/Users/liuying/Documents/GitHub/amazon_analyst/src/db/migrations/meta/0001_snapshot.json", "JSON", 0, 0, 0, 1055, 0, 0, 0, 0, 0, 0, 0, 0, 0, 0, 0, 0, 0, 0, 1055
"/Users/liuying/Documents/GitHub/amazon_analyst/src/db/migrations/meta/0002_snapshot.json", "JSON", 0, 0, 0, 1269, 0, 0, 0, 0, 0, 0, 0, 0, 0, 0, 0, 0, 0, 0, 1269
"/Users/liuying/Documents/GitHub/amazon_analyst/src/db/migrations/meta/0003_snapshot.json", "JSON", 0, 0, 0, 1295, 0, 0, 0, 0, 0, 0, 0, 0, 0, 0, 0, 0, 0, 0, 1295
"/Users/liuying/Documents/GitHub/amazon_analyst/src/db/migrations/meta/_journal.json", "JSON", 0, 0, 0, 34, 0, 0, 0, 0, 0, 0, 0, 0, 0, 0, 0, 0, 0, 0, 34
"/Users/liuying/Documents/GitHub/amazon_analyst/src/db/saihu_erp_schema.sql", "MS SQL", 0, 0, 0, 0, 244, 0, 0, 0, 0, 0, 0, 0, 0, 0, 0, 0, 92, 71, 407
"/Users/liuying/Documents/GitHub/amazon_analyst/src/db/schema.ts", "TypeScript", 0, 0, 241, 0, 0, 0, 0, 0, 0, 0, 0, 0, 0, 0, 0, 0, 25, 21, 287
"/Users/liuying/Documents/GitHub/amazon_analyst/src/hooks/use-analysis-history.ts", "TypeScript", 0, 0, 27, 0, 0, 0, 0, 0, 0, 0, 0, 0, 0, 0, 0, 0, 7, 9, 43
"/Users/liuying/Documents/GitHub/amazon_analyst/src/hooks/use-mobile.ts", "TypeScript", 0, 0, 15, 0, 0, 0, 0, 0, 0, 0, 0, 0, 0, 0, 0, 0, 0, 5, 20
"/Users/liuying/Documents/GitHub/amazon_analyst/src/hooks/use-mobile.tsx", "TypeScript JSX", 0, 0, 0, 0, 0, 15, 0, 0, 0, 0, 0, 0, 0, 0, 0, 0, 0, 5, 20
"/Users/liuying/Documents/GitHub/amazon_analyst/src/hooks/useMediaQuery.tsx", "TypeScript JSX", 0, 0, 0, 0, 0, 16, 0, 0, 0, 0, 0, 0, 0, 0, 0, 0, 4, 8, 28
"/Users/liuying/Documents/GitHub/amazon_analyst/src/hooks/useOneTapLogin.tsx", "TypeScript JSX", 0, 0, 0, 0, 0, 39, 0, 0, 0, 0, 0, 0, 0, 0, 0, 0, 2, 12, 53
"/Users/liuying/Documents/GitHub/amazon_analyst/src/i18n/locale.ts", "TypeScript", 0, 0, 10, 0, 0, 0, 0, 0, 0, 0, 0, 0, 0, 0, 0, 0, 0, 6, 16
"/Users/liuying/Documents/GitHub/amazon_analyst/src/i18n/messages/en.json", "JSON", 0, 0, 0, 506, 0, 0, 0, 0, 0, 0, 0, 0, 0, 0, 0, 0, 0, 1, 507
"/Users/liuying/Documents/GitHub/amazon_analyst/src/i18n/messages/zh.json", "JSON", 0, 0, 0, 506, 0, 0, 0, 0, 0, 0, 0, 0, 0, 0, 0, 0, 0, 1, 507
"/Users/liuying/Documents/GitHub/amazon_analyst/src/i18n/navigation.ts", "TypeScript", 0, 0, 4, 0, 0, 0, 0, 0, 0, 0, 0, 0, 0, 0, 0, 0, 0, 2, 6
"/Users/liuying/Documents/GitHub/amazon_analyst/src/i18n/pages/landing/en.json", "JSON", 0, 0, 0, 398, 0, 0, 0, 0, 0, 0, 0, 0, 0, 0, 0, 0, 0, 1, 399
"/Users/liuying/Documents/GitHub/amazon_analyst/src/i18n/pages/landing/zh.json", "JSON", 0, 0, 0, 334, 0, 0, 0, 0, 0, 0, 0, 0, 0, 0, 0, 0, 0, 1, 335
"/Users/liuying/Documents/GitHub/amazon_analyst/src/i18n/pages/pricing/en.json", "JSON", 0, 0, 0, 109, 0, 0, 0, 0, 0, 0, 0, 0, 0, 0, 0, 0, 0, 1, 110
"/Users/liuying/Documents/GitHub/amazon_analyst/src/i18n/pages/pricing/zh.json", "JSON", 0, 0, 0, 109, 0, 0, 0, 0, 0, 0, 0, 0, 0, 0, 0, 0, 0, 1, 110
"/Users/liuying/Documents/GitHub/amazon_analyst/src/i18n/pages/showcase/en.json", "JSON", 0, 0, 0, 90, 0, 0, 0, 0, 0, 0, 0, 0, 0, 0, 0, 0, 0, 1, 91
"/Users/liuying/Documents/GitHub/amazon_analyst/src/i18n/pages/showcase/zh.json", "JSON", 0, 0, 0, 90, 0, 0, 0, 0, 0, 0, 0, 0, 0, 0, 0, 0, 0, 1, 91
"/Users/liuying/Documents/GitHub/amazon_analyst/src/i18n/request.ts", "TypeScript", 0, 0, 27, 0, 0, 0, 0, 0, 0, 0, 0, 0, 0, 0, 0, 0, 0, 5, 32
"/Users/liuying/Documents/GitHub/amazon_analyst/src/i18n/routing.ts", "TypeScript", 0, 0, 13, 0, 0, 0, 0, 0, 0, 0, 0, 0, 0, 0, 0, 0, 0, 3, 16
"/Users/liuying/Documents/GitHub/amazon_analyst/src/lib/adapters/data-transformer.ts", "TypeScript", 0, 0, 234, 0, 0, 0, 0, 0, 0, 0, 0, 0, 0, 0, 0, 0, 146, 51, 431
"/Users/liuying/Documents/GitHub/amazon_analyst/src/lib/adapters/saihu-adapter.ts", "TypeScript", 0, 0, 368, 0, 0, 0, 0, 0, 0, 0, 0, 0, 0, 0, 0, 0, 46, 54, 468
"/Users/liuying/Documents/GitHub/amazon_analyst/src/lib/browser.ts", "TypeScript", 0, 0, 0, 0, 0, 0, 0, 0, 0, 0, 0, 0, 0, 0, 0, 0, 0, 1, 1
"/Users/liuying/Documents/GitHub/amazon_analyst/src/lib/cache.ts", "TypeScript", 0, 0, 30, 0, 0, 0, 0, 0, 0, 0, 0, 0, 0, 0, 0, 0, 6, 12, 48
"/Users/liuying/Documents/GitHub/amazon_analyst/src/lib/database/ad-data-dao.ts", "TypeScript", 0, 0, 454, 0, 0, 0, 0, 0, 0, 0, 0, 0, 0, 0, 0, 0, 45, 51, 550
"/Users/liuying/Documents/GitHub/amazon_analyst/src/lib/database/cache-manager.ts", "TypeScript", 0, 0, 200, 0, 0, 0, 0, 0, 0, 0, 0, 0, 0, 0, 0, 0, 63, 47, 310
"/Users/liuying/Documents/GitHub/amazon_analyst/src/lib/database/mysql-client.ts", "TypeScript", 0, 0, 261, 0, 0, 0, 0, 0, 0, 0, 0, 0, 0, 0, 0, 0, 44, 41, 346
"/Users/liuying/Documents/GitHub/amazon_analyst/src/lib/hash.ts", "TypeScript", 0, 0, 26, 0, 0, 0, 0, 0, 0, 0, 0, 0, 0, 0, 0, 0, 0, 9, 35
"/Users/liuying/Documents/GitHub/amazon_analyst/src/lib/inventory-schema.ts", "TypeScript", 0, 0, 137, 0, 0, 0, 0, 0, 0, 0, 0, 0, 0, 0, 0, 0, 14, 14, 165
"/Users/liuying/Documents/GitHub/amazon_analyst/src/lib/ip.ts", "TypeScript", 0, 0, 10, 0, 0, 0, 0, 0, 0, 0, 0, 0, 0, 0, 0, 0, 0, 5, 15
"/Users/liuying/Documents/GitHub/amazon_analyst/src/lib/resp.ts", "TypeScript", 0, 0, 20, 0, 0, 0, 0, 0, 0, 0, 0, 0, 0, 0, 0, 0, 0, 5, 25
"/Users/liuying/Documents/GitHub/amazon_analyst/src/lib/storage.ts", "TypeScript", 0, 0, 104, 0, 0, 0, 0, 0, 0, 0, 0, 0, 0, 0, 0, 0, 0, 15, 119
"/Users/liuying/Documents/GitHub/amazon_analyst/src/lib/time.ts", "TypeScript", 0, 0, 17, 0, 0, 0, 0, 0, 0, 0, 0, 0, 0, 0, 0, 0, 0, 7, 24
"/Users/liuying/Documents/GitHub/amazon_analyst/src/lib/tools.ts", "TypeScript", 0, 0, 0, 0, 0, 0, 0, 0, 0, 0, 0, 0, 0, 0, 0, 0, 0, 1, 1
"/Users/liuying/Documents/GitHub/amazon_analyst/src/lib/utils.ts", "TypeScript", 0, 0, 5, 0, 0, 0, 0, 0, 0, 0, 0, 0, 0, 0, 0, 0, 0, 2, 7
"/Users/liuying/Documents/GitHub/amazon_analyst/src/lib/utils/api-logger.ts", "TypeScript", 0, 0, 276, 0, 0, 0, 0, 0, 0, 0, 0, 0, 0, 0, 0, 0, 88, 50, 414
"/Users/liuying/Documents/GitHub/amazon_analyst/src/lib/utils/api-validation.ts", "TypeScript", 0, 0, 229, 0, 0, 0, 0, 0, 0, 0, 0, 0, 0, 0, 0, 0, 53, 38, 320
"/Users/liuying/Documents/GitHub/amazon_analyst/src/middleware.ts", "TypeScript", 0, 0, 10, 0, 0, 0, 0, 0, 0, 0, 0, 0, 0, 0, 0, 0, 0, 3, 13
"/Users/liuying/Documents/GitHub/amazon_analyst/src/models/affiliate.ts", "TypeScript", 0, 0, 102, 0, 0, 0, 0, 0, 0, 0, 0, 0, 0, 0, 0, 0, 0, 25, 127
"/Users/liuying/Documents/GitHub/amazon_analyst/src/models/ai-analysis.ts", "TypeScript", 0, 0, 302, 0, 0, 0, 0, 0, 0, 0, 0, 0, 0, 0, 0, 0, 30, 44, 376
"/Users/liuying/Documents/GitHub/amazon_analyst/src/models/apikey.ts", "TypeScript", 0, 0, 46, 0, 0, 0, 0, 0, 0, 0, 0, 0, 0, 0, 0, 0, 0, 9, 55
"/Users/liuying/Documents/GitHub/amazon_analyst/src/models/credit.ts", "TypeScript", 0, 0, 59, 0, 0, 0, 0, 0, 0, 0, 0, 0, 0, 0, 0, 0, 0, 11, 70
"/Users/liuying/Documents/GitHub/amazon_analyst/src/models/feedback.ts", "TypeScript", 0, 0, 45, 0, 0, 0, 0, 0, 0, 0, 0, 0, 0, 0, 0, 0, 0, 12, 57
"/Users/liuying/Documents/GitHub/amazon_analyst/src/models/inventory.ts", "TypeScript", 0, 0, 443, 0, 0, 0, 0, 0, 0, 0, 0, 0, 0, 0, 0, 0, 50, 59, 552
"/Users/liuying/Documents/GitHub/amazon_analyst/src/models/order.ts", "TypeScript", 0, 0, 184, 0, 0, 0, 0, 0, 0, 0, 0, 0, 0, 0, 0, 0, 0, 30, 214
"/Users/liuying/Documents/GitHub/amazon_analyst/src/models/post.ts", "TypeScript", 0, 0, 79, 0, 0, 0, 0, 0, 0, 0, 0, 0, 0, 0, 0, 0, 0, 18, 97
"/Users/liuying/Documents/GitHub/amazon_analyst/src/models/user.ts", "TypeScript", 0, 0, 136, 0, 0, 0, 0, 0, 0, 0, 0, 0, 0, 0, 0, 0, 0, 30, 166
"/Users/liuying/Documents/GitHub/amazon_analyst/src/providers/theme.tsx", "TypeScript JSX", 0, 0, 0, 0, 0, 45, 0, 0, 0, 0, 0, 0, 0, 0, 0, 0, 2, 9, 56
"/Users/liuying/Documents/GitHub/amazon_analyst/src/services/affiliate.ts", "TypeScript", 0, 0, 31, 0, 0, 0, 0, 0, 0, 0, 0, 0, 0, 0, 0, 0, 0, 4, 35
"/Users/liuying/Documents/GitHub/amazon_analyst/src/services/ai-analysis.ts", "TypeScript", 0, 0, 254, 0, 0, 0, 0, 0, 0, 0, 0, 0, 0, 0, 0, 0, 6, 39, 299
"/Users/liuying/Documents/GitHub/amazon_analyst/src/services/apikey.ts", "TypeScript", 0, 0, 7, 0, 0, 0, 0, 0, 0, 0, 0, 0, 0, 0, 0, 0, 0, 2, 9
"/Users/liuying/Documents/GitHub/amazon_analyst/src/services/constant.ts", "TypeScript", 0, 0, 16, 0, 0, 0, 0, 0, 0, 0, 0, 0, 0, 0, 0, 0, 0, 4, 20
"/Users/liuying/Documents/GitHub/amazon_analyst/src/services/credit.ts", "TypeScript", 0, 0, 135, 0, 0, 0, 0, 0, 0, 0, 0, 0, 0, 0, 0, 0, 3, 17, 155
"/Users/liuying/Documents/GitHub/amazon_analyst/src/services/order.ts", "TypeScript", 0, 0, 58, 0, 0, 0, 0, 0, 0, 0, 0, 0, 0, 0, 0, 0, 2, 9, 69
"/Users/liuying/Documents/GitHub/amazon_analyst/src/services/page.ts", "TypeScript", 0, 0, 28, 0, 0, 0, 0, 0, 0, 0, 0, 0, 0, 0, 0, 0, 0, 7, 35
"/Users/liuying/Documents/GitHub/amazon_analyst/src/services/streaming-analysis.ts", "TypeScript", 0, 0, 266, 0, 0, 0, 0, 0, 0, 0, 0, 0, 0, 0, 0, 0, 8, 15, 289
"/Users/liuying/Documents/GitHub/amazon_analyst/src/services/user.ts", "TypeScript", 0, 0, 137, 0, 0, 0, 0, 0, 0, 0, 0, 0, 0, 0, 0, 0, 15, 35, 187
"/Users/liuying/Documents/GitHub/amazon_analyst/src/types/affiliate.d.ts", "TypeScript", 0, 0, 13, 0, 0, 0, 0, 0, 0, 0, 0, 0, 0, 0, 0, 0, 0, 2, 15
"/Users/liuying/Documents/GitHub/amazon_analyst/src/types/ai-analysis.d.ts", "TypeScript", 0, 0, 151, 0, 0, 0, 0, 0, 0, 0, 0, 0, 0, 0, 0, 0, 20, 18, 189
"/Users/liuying/Documents/GitHub/amazon_analyst/src/types/apikey.d.ts", "TypeScript", 0, 0, 7, 0, 0, 0, 0, 0, 0, 0, 0, 0, 0, 0, 0, 0, 0, 1, 8
"/Users/liuying/Documents/GitHub/amazon_analyst/src/types/blocks/base.d.ts", "TypeScript", 0, 0, 104, 0, 0, 0, 0, 0, 0, 0, 0, 0, 0, 0, 0, 0, 0, 20, 124
"/Users/liuying/Documents/GitHub/amazon_analyst/src/types/blocks/blog.d.ts", "TypeScript", 0, 0, 26, 0, 0, 0, 0, 0, 0, 0, 0, 0, 0, 0, 0, 0, 0, 3, 29
"/Users/liuying/Documents/GitHub/amazon_analyst/src/types/blocks/footer.d.ts", "TypeScript", 0, 0, 10, 0, 0, 0, 0, 0, 0, 0, 0, 0, 0, 0, 0, 0, 0, 2, 12
"/Users/liuying/Documents/GitHub/amazon_analyst/src/types/blocks/form.d.ts", "TypeScript", 0, 0, 53, 0, 0, 0, 0, 0, 0, 0, 0, 0, 0, 0, 0, 0, 0, 5, 58
"/Users/liuying/Documents/GitHub/amazon_analyst/src/types/blocks/header.d.ts", "TypeScript", 0, 0, 12, 0, 0, 0, 0, 0, 0, 0, 0, 0, 0, 0, 0, 0, 0, 2, 14
"/Users/liuying/Documents/GitHub/amazon_analyst/src/types/blocks/hero.d.ts", "TypeScript", 0, 0, 21, 0, 0, 0, 0, 0, 0, 0, 0, 0, 0, 0, 0, 0, 0, 3, 24
"/Users/liuying/Documents/GitHub/amazon_analyst/src/types/blocks/pricing.d.ts", "TypeScript", 0, 0, 38, 0, 0, 0, 0, 0, 0, 0, 0, 0, 0, 0, 0, 0, 0, 4, 42
"/Users/liuying/Documents/GitHub/amazon_analyst/src/types/blocks/section.d.ts", "TypeScript", 0, 0, 23, 0, 0, 0, 0, 0, 0, 0, 0, 0, 0, 0, 0, 0, 0, 3, 26
"/Users/liuying/Documents/GitHub/amazon_analyst/src/types/blocks/sidebar.d.ts", "TypeScript", 0, 0, 10, 0, 0, 0, 0, 0, 0, 0, 0, 0, 0, 0, 0, 0, 0, 2, 12
"/Users/liuying/Documents/GitHub/amazon_analyst/src/types/blocks/table.d.ts", "TypeScript", 0, 0, 12, 0, 0, 0, 0, 0, 0, 0, 0, 0, 0, 0, 0, 0, 0, 2, 14
"/Users/liuying/Documents/GitHub/amazon_analyst/src/types/context.d.ts", "TypeScript", 0, 0, 4, 0, 0, 0, 0, 0, 0, 0, 0, 0, 0, 0, 0, 0, 0, 2, 6
"/Users/liuying/Documents/GitHub/amazon_analyst/src/types/credit.d.ts", "TypeScript", 0, 0, 9, 0, 0, 0, 0, 0, 0, 0, 0, 0, 0, 0, 0, 0, 0, 1, 10
"/Users/liuying/Documents/GitHub/amazon_analyst/src/types/feedback.d.ts", "TypeScript", 0, 0, 10, 0, 0, 0, 0, 0, 0, 0, 0, 0, 0, 0, 0, 0, 0, 2, 12
"/Users/liuying/Documents/GitHub/amazon_analyst/src/types/global.d.ts", "TypeScript", 0, 0, 1, 0, 0, 0, 0, 0, 0, 0, 0, 0, 0, 0, 0, 0, 0, 1, 2
"/Users/liuying/Documents/GitHub/amazon_analyst/src/types/inventory.d.ts", "TypeScript", 0, 0, 175, 0, 0, 0, 0, 0, 0, 0, 0, 0, 0, 0, 0, 0, 19, 19, 213
"/Users/liuying/Documents/GitHub/amazon_analyst/src/types/mdx.d.ts", "TypeScript", 0, 0, 5, 0, 0, 0, 0, 0, 0, 0, 0, 0, 0, 0, 0, 0, 0, 1, 6
"/Users/liuying/Documents/GitHub/amazon_analyst/src/types/next-auth.d.ts", "TypeScript", 0, 0, 19, 0, 0, 0, 0, 0, 0, 0, 0, 0, 0, 0, 0, 0, 0, 3, 22
"/Users/liuying/Documents/GitHub/amazon_analyst/src/types/order.d.ts", "TypeScript", 0, 0, 26, 0, 0, 0, 0, 0, 0, 0, 0, 0, 0, 0, 0, 0, 0, 1, 27
"/Users/liuying/Documents/GitHub/amazon_analyst/src/types/pages/landing.d.ts", "TypeScript", 0, 0, 27, 0, 0, 0, 0, 0, 0, 0, 0, 0, 0, 0, 0, 0, 0, 4, 31
"/Users/liuying/Documents/GitHub/amazon_analyst/src/types/post.d.ts", "TypeScript", 0, 0, 14, 0, 0, 0, 0, 0, 0, 0, 0, 0, 0, 0, 0, 0, 0, 1, 15
"/Users/liuying/Documents/GitHub/amazon_analyst/src/types/slots/base.d.ts", "TypeScript", 0, 0, 11, 0, 0, 0, 0, 0, 0, 0, 0, 0, 0, 0, 0, 0, 0, 2, 13
"/Users/liuying/Documents/GitHub/amazon_analyst/src/types/slots/form.d.ts", "TypeScript", 0, 0, 6, 0, 0, 0, 0, 0, 0, 0, 0, 0, 0, 0, 0, 0, 0, 2, 8
"/Users/liuying/Documents/GitHub/amazon_analyst/src/types/slots/table.d.ts", "TypeScript", 0, 0, 6, 0, 0, 0, 0, 0, 0, 0, 0, 0, 0, 0, 0, 0, 0, 2, 8
"/Users/liuying/Documents/GitHub/amazon_analyst/src/types/user.d.ts", "TypeScript", 0, 0, 30, 0, 0, 0, 0, 0, 0, 0, 0, 0, 0, 0, 0, 0, 0, 2, 32
"/Users/liuying/Documents/GitHub/amazon_analyst/sync_saihu_erp/README.md", "Markdown", 0, 0, 0, 0, 0, 0, 0, 0, 0, 0, 0, 0, 0, 0, 0, 0, 0, 2, 2
"/Users/liuying/Documents/GitHub/amazon_analyst/sync_saihu_erp/data_update/README.md", "Markdown", 0, 273, 0, 0, 0, 0, 0, 0, 0, 0, 0, 0, 0, 0, 0, 0, 0, 89, 362
"/Users/liuying/Documents/GitHub/amazon_analyst/sync_saihu_erp/data_update/config/config.yml", "YAML", 0, 0, 0, 0, 0, 0, 0, 0, 0, 0, 0, 0, 0, 0, 22, 0, 0, 1, 23
"/Users/liuying/Documents/GitHub/amazon_analyst/sync_saihu_erp/data_update/continuous_sync_4hours.py", "Python", 168, 0, 0, 0, 0, 0, 0, 0, 0, 0, 0, 0, 0, 0, 0, 0, 34, 46, 248
"/Users/liuying/Documents/GitHub/amazon_analyst/sync_saihu_erp/data_update/docs/postgresql_migration_guide.md", "Markdown", 0, 163, 0, 0, 0, 0, 0, 0, 0, 0, 0, 0, 0, 0, 0, 0, 0, 40, 203
"/Users/liuying/Documents/GitHub/amazon_analyst/sync_saihu_erp/data_update/docs/.md", "Markdown", 0, 200, 0, 0, 0, 0, 0, 0, 0, 0, 0, 0, 0, 0, 0, 0, 0, 51, 251
"/Users/liuying/Documents/GitHub/amazon_analyst/sync_saihu_erp/data_update/docs/.md", "Markdown", 0, 614, 0, 0, 0, 0, 0, 0, 0, 0, 0, 0, 0, 0, 0, 0, 0, 158, 772
"/Users/liuying/Documents/GitHub/amazon_analyst/sync_saihu_erp/data_update/final_sync.py", "Python", 163, 0, 0, 0, 0, 0, 0, 0, 0, 0, 0, 0, 0, 0, 0, 0, 19, 43, 225
"/Users/liuying/Documents/GitHub/amazon_analyst/sync_saihu_erp/data_update/manual_sync_guide.md", "Markdown", 0, 100, 0, 0, 0, 0, 0, 0, 0, 0, 0, 0, 0, 0, 0, 0, 0, 31, 131
"/Users/liuying/Documents/GitHub/amazon_analyst/sync_saihu_erp/data_update/run_sync_now.py", "Python", 133, 0, 0, 0, 0, 0, 0, 0, 0, 0, 0, 0, 0, 0, 0, 0, 24, 35, 192
"/Users/liuying/Documents/GitHub/amazon_analyst/sync_saihu_erp/data_update/sql/init.sql", "MS SQL", 0, 0, 0, 0, 176, 0, 0, 0, 0, 0, 0, 0, 0, 0, 0, 0, 22, 20, 218
"/Users/liuying/Documents/GitHub/amazon_analyst/sync_saihu_erp/data_update/sql/inventory_points_init.sql", "MS SQL", 0, 0, 0, 0, 157, 0, 0, 0, 0, 0, 0, 0, 0, 0, 0, 0, 32, 34, 223
"/Users/liuying/Documents/GitHub/amazon_analyst/sync_saihu_erp/data_update/sql/postgresql_init.sql", "MS SQL", 0, 0, 0, 0, 177, 0, 0, 0, 0, 0, 0, 0, 0, 0, 0, 0, 53, 25, 255
"/Users/liuying/Documents/GitHub/amazon_analyst/sync_saihu_erp/data_update/sql/product_analytics_schema_upgrade.sql", "MS SQL", 0, 0, 0, 0, 63, 0, 0, 0, 0, 0, 0, 0, 0, 0, 0, 0, 80, 33, 176
"/Users/liuying/Documents/GitHub/amazon_analyst/sync_saihu_erp/data_update/src/auth/__init__.py", "Python", 3, 0, 0, 0, 0, 0, 0, 0, 0, 0, 0, 0, 0, 0, 0, 0, 1, 1, 5
"/Users/liuying/Documents/GitHub/amazon_analyst/sync_saihu_erp/data_update/src/auth/api_signer.py", "Python", 72, 0, 0, 0, 0, 0, 0, 0, 0, 0, 0, 0, 0, 0, 0, 0, 46, 19, 137
"/Users/liuying/Documents/GitHub/amazon_analyst/sync_saihu_erp/data_update/src/auth/oauth_client.py", "Python", 157, 0, 0, 0, 0, 0, 0, 0, 0, 0, 0, 0, 0, 0, 0, 0, 52, 36, 245
"/Users/liuying/Documents/GitHub/amazon_analyst/sync_saihu_erp/data_update/src/auth/saihu_api_client.py", "Python", 279, 0, 0, 0, 0, 0, 0, 0, 0, 0, 0, 0, 0, 0, 0, 0, 105, 54, 438
"/Users/liuying/Documents/GitHub/amazon_analyst/sync_saihu_erp/data_update/src/auth/saihu_api_client_v2.py", "Python", 185, 0, 0, 0, 0, 0, 0, 0, 0, 0, 0, 0, 0, 0, 0, 0, 33, 52, 270
"/Users/liuying/Documents/GitHub/amazon_analyst/sync_saihu_erp/data_update/src/config/__init__.py", "Python", 4, 0, 0, 0, 0, 0, 0, 0, 0, 0, 0, 0, 0, 0, 0, 0, 1, 1, 6
"/Users/liuying/Documents/GitHub/amazon_analyst/sync_saihu_erp/data_update/src/config/api.py", "Python", 57, 0, 0, 0, 0, 0, 0, 0, 0, 0, 0, 0, 0, 0, 0, 0, 10, 11, 78
"/Users/liuying/Documents/GitHub/amazon_analyst/sync_saihu_erp/data_update/src/config/database.py", "Python", 33, 0, 0, 0, 0, 0, 0, 0, 0, 0, 0, 0, 0, 0, 0, 0, 7, 8, 48
"/Users/liuying/Documents/GitHub/amazon_analyst/sync_saihu_erp/data_update/src/config/secure_config.py", "Python", 68, 0, 0, 0, 0, 0, 0, 0, 0, 0, 0, 0, 0, 0, 0, 0, 11, 16, 95
"/Users/liuying/Documents/GitHub/amazon_analyst/sync_saihu_erp/data_update/src/config/settings.py", "Python", 139, 0, 0, 0, 0, 0, 0, 0, 0, 0, 0, 0, 0, 0, 0, 0, 20, 25, 184
"/Users/liuying/Documents/GitHub/amazon_analyst/sync_saihu_erp/data_update/src/database/__init__.py", "Python", 5, 0, 0, 0, 0, 0, 0, 0, 0, 0, 0, 0, 0, 0, 0, 0, 4, 3, 12
"/Users/liuying/Documents/GitHub/amazon_analyst/sync_saihu_erp/data_update/src/database/connection.py", "Python", 396, 0, 0, 0, 0, 0, 0, 0, 0, 0, 0, 0, 0, 0, 0, 0, 42, 44, 482
"/Users/liuying/Documents/GitHub/amazon_analyst/sync_saihu_erp/data_update/src/database/postgresql_connection.py", "Python", 212, 0, 0, 0, 0, 0, 0, 0, 0, 0, 0, 0, 0, 0, 0, 0, 30, 31, 273
"/Users/liuying/Documents/GitHub/amazon_analyst/sync_saihu_erp/data_update/src/inventory/__init__.py", "Python", 10, 0, 0, 0, 0, 0, 0, 0, 0, 0, 0, 0, 0, 0, 0, 0, 9, 2, 21
"/Users/liuying/Documents/GitHub/amazon_analyst/sync_saihu_erp/data_update/src/inventory/ad_merger.py", "Python", 133, 0, 0, 0, 0, 0, 0, 0, 0, 0, 0, 0, 0, 0, 0, 0, 91, 50, 274
"/Users/liuying/Documents/GitHub/amazon_analyst/sync_saihu_erp/data_update/src/inventory/eu_merger.py", "Python", 141, 0, 0, 0, 0, 0, 0, 0, 0, 0, 0, 0, 0, 0, 0, 0, 63, 46, 250
"/Users/liuying/Documents/GitHub/amazon_analyst/sync_saihu_erp/data_update/src/inventory/merger.py", "Python", 132, 0, 0, 0, 0, 0, 0, 0, 0, 0, 0, 0, 0, 0, 0, 0, 38, 40, 210
"/Users/liuying/Documents/GitHub/amazon_analyst/sync_saihu_erp/data_update/src/inventory/non_eu_merger.py", "Python", 175, 0, 0, 0, 0, 0, 0, 0, 0, 0, 0, 0, 0, 0, 0, 0, 60, 50, 285
"/Users/liuying/Documents/GitHub/amazon_analyst/sync_saihu_erp/data_update/src/models/__init__.py", "Python", 15, 0, 0, 0, 0, 0, 0, 0, 0, 0, 0, 0, 0, 0, 0, 0, 1, 1, 17
"/Users/liuying/Documents/GitHub/amazon_analyst/sync_saihu_erp/data_update/src/models/base.py", "Python", 62, 0, 0, 0, 0, 0, 0, 0, 0, 0, 0, 0, 0, 0, 0, 0, 19, 25, 106
"/Users/liuying/Documents/GitHub/amazon_analyst/sync_saihu_erp/data_update/src/models/fba_inventory.py", "Python", 138, 0, 0, 0, 0, 0, 0, 0, 0, 0, 0, 0, 0, 0, 0, 0, 22, 24, 184
"/Users/liuying/Documents/GitHub/amazon_analyst/sync_saihu_erp/data_update/src/models/inventory_details.py", "Python", 165, 0, 0, 0, 0, 0, 0, 0, 0, 0, 0, 0, 0, 0, 0, 0, 26, 30, 221
"/Users/liuying/Documents/GitHub/amazon_analyst/sync_saihu_erp/data_update/src/models/inventory_point.py", "Python", 154, 0, 0, 0, 0, 0, 0, 0, 0, 0, 0, 0, 0, 0, 0, 0, 35, 39, 228
"/Users/liuying/Documents/GitHub/amazon_analyst/sync_saihu_erp/data_update/src/models/product_analytics.py", "Python", 300, 0, 0, 0, 0, 0, 0, 0, 0, 0, 0, 0, 0, 0, 0, 0, 58, 50, 408
"/Users/liuying/Documents/GitHub/amazon_analyst/sync_saihu_erp/data_update/src/models/sync_task_log.py", "Python", 130, 0, 0, 0, 0, 0, 0, 0, 0, 0, 0, 0, 0, 0, 0, 0, 27, 32, 189
"/Users/liuying/Documents/GitHub/amazon_analyst/sync_saihu_erp/data_update/src/parsers/__init__.py", "Python", 3, 0, 0, 0, 0, 0, 0, 0, 0, 0, 0, 0, 0, 0, 0, 0, 1, 1, 5
"/Users/liuying/Documents/GitHub/amazon_analyst/sync_saihu_erp/data_update/src/parsers/api_template.py", "Python", 132, 0, 0, 0, 0, 0, 0, 0, 0, 0, 0, 0, 0, 0, 0, 0, 26, 38, 196
"/Users/liuying/Documents/GitHub/amazon_analyst/sync_saihu_erp/data_update/src/parsers/md_parser.py", "Python", 230, 0, 0, 0, 0, 0, 0, 0, 0, 0, 0, 0, 0, 0, 0, 0, 54, 72, 356
"/Users/liuying/Documents/GitHub/amazon_analyst/sync_saihu_erp/data_update/src/processors/__init__.py", "Python", 8, 0, 0, 0, 0, 0, 0, 0, 0, 0, 0, 0, 0, 0, 0, 0, 1, 1, 10
"/Users/liuying/Documents/GitHub/amazon_analyst/sync_saihu_erp/data_update/src/processors/base_processor.py", "Python", 246, 0, 0, 0, 0, 0, 0, 0, 0, 0, 0, 0, 0, 0, 0, 0, 40, 68, 354
"/Users/liuying/Documents/GitHub/amazon_analyst/sync_saihu_erp/data_update/src/processors/inventory_merge_processor.py", "Python", 416, 0, 0, 0, 0, 0, 0, 0, 0, 0, 0, 0, 0, 0, 0, 0, 59, 75, 550
"/Users/liuying/Documents/GitHub/amazon_analyst/sync_saihu_erp/data_update/src/processors/product_analytics_processor.py", "Python", 237, 0, 0, 0, 0, 0, 0, 0, 0, 0, 0, 0, 0, 0, 0, 0, 47, 68, 352
"/Users/liuying/Documents/GitHub/amazon_analyst/sync_saihu_erp/data_update/src/scheduler/__init__.py", "Python", 3, 0, 0, 0, 0, 0, 0, 0, 0, 0, 0, 0, 0, 0, 0, 0, 1, 1, 5
"/Users/liuying/Documents/GitHub/amazon_analyst/sync_saihu_erp/data_update/src/scheduler/sync_jobs.py", "Python", 269, 0, 0, 0, 0, 0, 0, 0, 0, 0, 0, 0, 0, 0, 0, 0, 70, 82, 421
"/Users/liuying/Documents/GitHub/amazon_analyst/sync_saihu_erp/data_update/src/scheduler/task_scheduler.py", "Python", 204, 0, 0, 0, 0, 0, 0, 0, 0, 0, 0, 0, 0, 0, 0, 0, 28, 26, 258
"/Users/liuying/Documents/GitHub/amazon_analyst/sync_saihu_erp/data_update/src/scrapers/__init__.py", "Python", 10, 0, 0, 0, 0, 0, 0, 0, 0, 0, 0, 0, 0, 0, 0, 0, 1, 1, 12
"/Users/liuying/Documents/GitHub/amazon_analyst/sync_saihu_erp/data_update/src/scrapers/base_scraper.py", "Python", 207, 0, 0, 0, 0, 0, 0, 0, 0, 0, 0, 0, 0, 0, 0, 0, 37, 54, 298
"/Users/liuying/Documents/GitHub/amazon_analyst/sync_saihu_erp/data_update/src/scrapers/fba_inventory_scraper.py", "Python", 295, 0, 0, 0, 0, 0, 0, 0, 0, 0, 0, 0, 0, 0, 0, 0, 55, 72, 422
"/Users/liuying/Documents/GitHub/amazon_analyst/sync_saihu_erp/data_update/src/scrapers/inventory_details_scraper.py", "Python", 295, 0, 0, 0, 0, 0, 0, 0, 0, 0, 0, 0, 0, 0, 0, 0, 56, 75, 426
"/Users/liuying/Documents/GitHub/amazon_analyst/sync_saihu_erp/data_update/src/scrapers/product_analytics_scraper.py", "Python", 204, 0, 0, 0, 0, 0, 0, 0, 0, 0, 0, 0, 0, 0, 0, 0, 45, 53, 302
"/Users/liuying/Documents/GitHub/amazon_analyst/sync_saihu_erp/data_update/src/services/data_sync_service.py", "Python", 225, 0, 0, 0, 0, 0, 0, 0, 0, 0, 0, 0, 0, 0, 0, 0, 77, 54, 356
"/Users/liuying/Documents/GitHub/amazon_analyst/sync_saihu_erp/data_update/src/services/data_validator.py", "Python", 180, 0, 0, 0, 0, 0, 0, 0, 0, 0, 0, 0, 0, 0, 0, 0, 27, 40, 247
"/Users/liuying/Documents/GitHub/amazon_analyst/sync_saihu_erp/data_update/src/services/secure_api_client.py", "Python", 141, 0, 0, 0, 0, 0, 0, 0, 0, 0, 0, 0, 0, 0, 0, 0, 19, 36, 196
"/Users/liuying/Documents/GitHub/amazon_analyst/sync_saihu_erp/data_update/src/services/sync_notifier.py", "Python", 42, 0, 0, 0, 0, 0, 0, 0, 0, 0, 0, 0, 0, 0, 0, 0, 10, 9, 61
"/Users/liuying/Documents/GitHub/amazon_analyst/sync_saihu_erp/data_update/src/utils/__init__.py", "Python", 2, 0, 0, 0, 0, 0, 0, 0, 0, 0, 0, 0, 0, 0, 0, 0, 1, 1, 4
"/Users/liuying/Documents/GitHub/amazon_analyst/sync_saihu_erp/data_update/src/utils/logging_utils.py", "Python", 13, 0, 0, 0, 0, 0, 0, 0, 0, 0, 0, 0, 0, 0, 0, 0, 5, 2, 20
"/Users/liuying/Documents/GitHub/amazon_analyst/sync_saihu_erp/data_update/src/utils/web_integration.py", "Python", 32, 0, 0, 0, 0, 0, 0, 0, 0, 0, 0, 0, 0, 0, 0, 0, 8, 6, 46
"/Users/liuying/Documents/GitHub/amazon_analyst/sync_saihu_erp/data_update/sync_now.py", "Python", 143, 0, 0, 0, 0, 0, 0, 0, 0, 0, 0, 0, 0, 0, 0, 0, 16, 33, 192
"/Users/liuying/Documents/GitHub/amazon_analyst/sync_saihu_erp/data_update/sync_status_report.md", "Markdown", 0, 106, 0, 0, 0, 0, 0, 0, 0, 0, 0, 0, 0, 0, 0, 0, 0, 30, 136
"/Users/liuying/Documents/GitHub/amazon_analyst/sync_saihu_erp/data_update/test_integration.py", "Python", 24, 0, 0, 0, 0, 0, 0, 0, 0, 0, 0, 0, 0, 0, 0, 0, 7, 9, 40
"/Users/liuying/Documents/GitHub/amazon_analyst/sync_saihu_erp/data_update/test_postgresql.py", "Python", 185, 0, 0, 0, 0, 0, 0, 0, 0, 0, 0, 0, 0, 0, 0, 0, 28, 41, 254
"/Users/liuying/Documents/GitHub/amazon_analyst/sync_saihu_erp/data_update/tests/README.md", "Markdown", 0, 266, 0, 0, 0, 0, 0, 0, 0, 0, 0, 0, 0, 0, 0, 0, 0, 79, 345
"/Users/liuying/Documents/GitHub/amazon_analyst/sync_saihu_erp/data_update/tests/integration_test.py", "Python", 402, 0, 0, 0, 0, 0, 0, 0, 0, 0, 0, 0, 0, 0, 0, 0, 49, 67, 518
"/Users/liuying/Documents/GitHub/amazon_analyst/sync_saihu_erp/data_update/tests/integration_test_report_2025-07-25.json", "JSON", 0, 0, 0, 26, 0, 0, 0, 0, 0, 0, 0, 0, 0, 0, 0, 0, 0, 0, 26
"/Users/liuying/Documents/GitHub/amazon_analyst/sync_saihu_erp/data_update/tests/inventory/__init__.py", "Python", 0, 0, 0, 0, 0, 0, 0, 0, 0, 0, 0, 0, 0, 0, 0, 0, 1, 0, 1
"/Users/liuying/Documents/GitHub/amazon_analyst/sync_saihu_erp/data_update/tests/inventory/test_ad_merger.py", "Python", 165, 0, 0, 0, 0, 0, 0, 0, 0, 0, 0, 0, 0, 0, 0, 0, 38, 41, 244
"/Users/liuying/Documents/GitHub/amazon_analyst/sync_saihu_erp/data_update/tests/inventory/test_eu_merger.py", "Python", 162, 0, 0, 0, 0, 0, 0, 0, 0, 0, 0, 0, 0, 0, 0, 0, 30, 34, 226
"/Users/liuying/Documents/GitHub/amazon_analyst/sync_saihu_erp/data_update/tests/inventory/test_merger.py", "Python", 156, 0, 0, 0, 0, 0, 0, 0, 0, 0, 0, 0, 0, 0, 0, 0, 27, 38, 221
"/Users/liuying/Documents/GitHub/amazon_analyst/sync_saihu_erp/data_update/tests/run_inventory_tests.py", "Python", 81, 0, 0, 0, 0, 0, 0, 0, 0, 0, 0, 0, 0, 0, 0, 0, 17, 30, 128
"/Users/liuying/Documents/GitHub/amazon_analyst/sync_saihu_erp/data_update/tests/test_runner.py", "Python", 431, 0, 0, 0, 0, 0, 0, 0, 0, 0, 0, 0, 0, 0, 0, 0, 65, 68, 564
"/Users/liuying/Documents/GitHub/amazon_analyst/sync_saihu_erp/data_update/tests/utils/test_config.py", "Python", 72, 0, 0, 0, 0, 0, 0, 0, 0, 0, 0, 0, 0, 0, 0, 0, 11, 7, 90
"/Users/liuying/Documents/GitHub/amazon_analyst/sync_saihu_erp/data_update/validate_postgresql.sh", "Shell Script", 0, 0, 0, 0, 0, 0, 0, 0, 153, 0, 0, 0, 0, 0, 0, 0, 18, 22, 193
"/Users/liuying/Documents/GitHub/amazon_analyst/sync_saihu_erp/db.py", "Python", 41, 0, 0, 0, 0, 0, 0, 0, 0, 0, 0, 0, 0, 0, 0, 0, 0, 7, 48
"/Users/liuying/Documents/GitHub/amazon_analyst/sync_saihu_erp/main.py", "Python", 78, 0, 0, 0, 0, 0, 0, 0, 0, 0, 0, 0, 0, 0, 0, 0, 2, 8, 88
"/Users/liuying/Documents/GitHub/amazon_analyst/sync_saihu_erp/test_data.py", "Python", 65, 0, 0, 0, 0, 0, 0, 0, 0, 0, 0, 0, 0, 0, 0, 0, 1, 5, 71
"/Users/liuying/Documents/GitHub/amazon_analyst/test_database.py", "Python", 69, 0, 0, 0, 0, 0, 0, 0, 0, 0, 0, 0, 0, 0, 0, 0, 9, 12, 90
"/Users/liuying/Documents/GitHub/amazon_analyst/tsconfig.json", "JSON with Comments", 0, 0, 0, 0, 0, 0, 0, 27, 0, 0, 0, 0, 0, 0, 0, 0, 0, 1, 28
"/Users/liuying/Documents/GitHub/amazon_analyst/vercel.json", "JSON", 0, 0, 0, 7, 0, 0, 0, 0, 0, 0, 0, 0, 0, 0, 0, 0, 0, 1, 8
"Total", "-", 9097, 3033, 12156, 6892, 977, 18462, 358, 27, 300, 584, 15, 11, 25, 539, 22, 2151, 4296, 7556, 66501